,Tickers
0,A
1,AA
2,AACG
3,AACQ
4,AACQU
5,AAC-UN
6,AAGFF
7,AAIC
8,AAL
9,AAMC
10,AAME
11,AAN
12,AAOI
13,AAON
14,AAP
15,AAPL
16,AAT
17,AAU
18,AAWW
19,AAZZF
20,AB
21,ABB
22,ABBV
23,ABC
24,ABCB
25,ABCL
26,ABCM
27,ABEO
28,ABEPF
29,ABEV
30,ABG
31,ABIO
32,ABLE
33,ABM
34,ABMC
35,ABMD
36,ABML
37,ABMT
38,ABNAF
39,ABNB
40,ABQQ
41,ABR
42,ABST
43,ABT
44,ABTX
45,ABUS
46,AC
47,ACA
48,ACAC
49,ACACU
50,ACAD
51,ACAN
52,ACB
53,ACBI
54,ACBM
55,ACC
56,ACCD
57,ACCO
58,ACDVF
59,ACEL
60,ACER
61,ACET
62,ACEV
63,ACEVU
64,ACFN
65,ACGL
66,ACH
67,ACHC
68,ACHFF
69,ACHV
70,ACI
71,ACIA
72,ACIC
73,ACIC-UN
74,ACII-UN
75,ACIU
76,ACIW
77,ACKIT
78,ACKIU
79,ACLS
80,ACM
81,ACMR
82,ACN
83,ACNB
84,ACND
85,ACOR
86,ACRE
87,ACRHF
88,ACRS
89,ACRX
90,ACST
91,ACTC
92,ACTCU
93,ACTG
94,ACU
95,ACUIF
96,ACUR
97,ACY
98,ADAG
99,ADAP
100,ADBE
101,ADBN
102,ADC
103,ADCT
104,ADDYY
105,ADEC
106,ADERU
107,ADES
108,ADEX-UN
109,ADGL
110,ADI
111,ADIL
112,ADM
113,ADMA
114,ADMP
115,ADMS
116,ADMT
117,ADN
118,ADNT
119,ADOC
120,ADOM
121,ADP
122,ADPT
123,ADRA-UN
124,ADRNY
125,ADS
126,ADSK
127,ADT
128,ADTN
129,ADTX
130,ADUS
131,ADV
132,ADVM
133,ADVZF
134,ADXN
135,ADXS
136,AE
137,AEACU
138,AEE
139,AEG
140,AEGN
141,AEHL
142,AEHR
143,AEI
144,AEIS
145,AEL
146,AEM
147,AEMD
148,AENZ
149,AEO
150,AEP
151,AEPPL
152,AEPPZ
153,AER
154,AERG
155,AERI
156,AERO
157,AES
158,AESE
159,AEY
160,AEYE
161,AEZS
162,AFBI
163,AFG
164,AFI
165,AFIB
166,AFIN
167,AFL
168,AFMD
169,AFRM
170,AFYA
171,AG
172,AGAUF
173,AGBA
174,AGBAU
175,AGC
176,AGCB
177,AGCBF
178,AGCO
179,AGCUU
180,AGE
181,AGEN
182,AGFS
183,AGFY
184,AGI
185,AGIO
186,AGLAF
187,AGLE
188,AGM
189,AGMH
190,AGNC
191,AGO
192,AGR
193,AGRO
194,AGRX
195,AGS
196,AGTC
197,AGX
198,AGYS
199,AHAC
200,AHACU
201,AHC
202,AHCO
203,AHH
204,AHII
205,AHOTF
206,AHPI
207,AHT
208,AI
209,AIG
210,AIH
211,AIHS
212,AIKI
213,AIM
214,AIMC
215,AIN
216,AINC
217,AINV
218,AIR
219,AIRC
220,AIRG
221,AIRI
222,AIRRF
223,AIRT
224,AISSF
225,AIT
226,AIV
227,AIXN
228,AIZ
229,AJAX
230,AJAX-UN
231,AJG
232,AJRD
233,AJX
234,AKAM
235,AKBA
236,AKBTY
237,AKER
238,AKICU
239,AKO-A
240,AKO-B
241,AKOM
242,AKR
243,AKRO
244,AKTS
245,AKTX
246,AKU
247,AKUS
248,AKVA
249,AKZOY
250,AL
251,ALAC
252,ALACU
253,ALB
254,ALBO
255,ALBY
256,ALC
257,ALCO
258,ALDX
259,ALE
260,ALEAF
261,ALEC
262,ALEX
263,ALG
264,ALGM
265,ALGN
266,ALGS
267,ALGT
268,ALID
269,ALIM
270,ALJJ
271,ALK
272,ALKS
273,ALL
274,ALLE
275,ALLK
276,ALLO
277,ALLT
278,ALLXF
279,ALLY
280,ALME
281,ALMTF
282,ALNA
283,ALNY
284,ALOT
285,ALPIB
286,ALPN
287,ALPP
288,ALRM
289,ALRN
290,ALRS
291,ALRT
292,ALSK
293,ALSN
294,ALT
295,ALTA
296,ALTD
297,ALTG
298,ALTM
299,ALTO
300,ALTR
301,ALTU
302,ALTUU
303,ALUS
304,ALUS-UN
305,ALV
306,ALVOF
307,ALVR
308,ALX
309,ALXN
310,ALXO
311,ALYA
312,AM
313,AMAL
314,AMAT
315,AMBA
316,AMBC
317,AMBO
318,AMBZ
319,AMC
320,AMCR
321,AMCX
322,AMD
323,AME
324,AMED
325,AMEH
326,AMG
327,AMGN
328,AMH
329,AMHC
330,AMHCU
331,AMHG
332,AMHPF
333,AMK
334,AMKR
335,AMMJ
336,AMMX
337,AMN
338,AMNB
339,AMOT
340,AMOV
341,AMP
342,AMPE
343,AMPH
344,AMPY
345,AMR
346,AMRA
347,AMRB
348,AMRC
349,AMRK
350,AMRN
351,AMRS
352,AMRX
353,AMS
354,AMSC
355,AMSF
356,AMST
357,AMSWA
358,AMT
359,AMTB
360,AMTBB
361,AMTI
362,AMTX
363,AMTY
364,AMWD
365,AMWL
366,AMX
367,AMXEF
368,AMYT
369,AMZN
370,AN
371,ANAB
372,ANAT
373,ANCN
374,ANDA
375,ANDAU
376,ANDE
377,ANDR
378,ANET
379,ANF
380,ANGI
381,ANGO
382,ANH
383,ANIK
384,ANIP
385,ANIX
386,ANLDF
387,ANNX
388,ANPC
389,ANPCY
390,ANSS
391,ANTE
392,ANTM
393,ANVS
394,ANVV
395,ANXGF
396,ANY
397,AON
398,AONE
399,AONE-UN
400,AOS
401,AOSL
402,AOTVF
403,AOUT
404,AP
405,APA
406,APAAF
407,APAM
408,APD
409,APDN
410,APEI
411,APEN
412,APG
413,APGB-UN
414,APGOF
415,APH
416,APHA
417,API
418,APLE
419,APLIF
420,APLS
421,APLT
422,APM
423,APO
424,APOG
425,APOP
426,APPB
427,APPF
428,APPH
429,APPN
430,APPS
431,APR
432,APRE
433,APRN
434,APSG
435,APSG-UN
436,APT
437,APTO
438,APTS
439,APTV
440,APTX
441,APVO
442,APWC
443,APXT
444,APXTU
445,APYX
446,AQARF
447,AQB
448,AQMS
449,AQN
450,AQSP
451,AQST
452,AQSZF
453,AQUA
454,AR
455,ARAV
456,ARAY
457,ARBG
458,ARBGU
459,ARBTF
460,ARC
461,ARCB
462,ARCC
463,ARCE
464,ARCH
465,ARCO
466,ARCT
467,ARD
468,ARDS
469,ARDX
470,ARE
471,AREC
472,ARES
473,ARESF
474,ARFXF
475,ARGO
476,ARGX
477,ARHH
478,ARI
479,ARKIU
480,ARKO
481,ARKR
482,ARL
483,ARLO
484,ARLP
485,ARMK
486,ARMP
487,ARNA
488,ARNC
489,AROC
490,AROW
491,ARPO
492,ARQT
493,ARR
494,ARREF
495,ARRY
496,ARSC
497,ARSMF
498,ARTD
499,ARTH
500,ARTL
501,ARTNA
502,ARTNB
503,ARTW
504,ARVN
505,ARW
506,ARWR
507,ARXRF
508,ARYA
509,ARYC
510,ASAN
511,ASAQ
512,ASAQ-UN
513,ASAXU
514,ASB
515,ASC
516,ASCBQ
517,ASGN
518,ASH
519,ASIX
520,ASKDF
521,ASLE
522,ASLN
523,ASM
524,ASMB
525,ASMIY
526,ASML
527,ASND
528,ASO
529,ASPCF
530,ASPL
531,ASPL-UN
532,ASPN
533,ASPS
534,ASPU
535,ASR
536,ASRT
537,ASRV
538,ASTC
539,ASTE
540,ASUR
541,ASX
542,ASYS
543,AT
544,ATA
545,ATAC
546,ATAC-UN
547,ATAR
548,ATA-UN
549,ATAX
550,ATBHF
551,ATBPF
552,ATC
553,ATCMF
554,ATCO
555,ATCX
556,ATEC
557,ATEN
558,ATEX
559,ATGE
560,ATGN
561,ATH
562,ATHA
563,ATHE
564,ATHI
565,ATHM
566,ATHX
567,ATI
568,ATIF
569,ATIXF
570,ATKR
571,ATLC
572,ATLO
573,ATMR-UN
574,ATMS
575,ATNF
576,ATNI
577,ATNM
578,ATNP
579,ATNX
580,ATO
581,ATOM
582,ATOS
583,ATR
584,ATRA
585,ATRC
586,ATRI
587,ATRO
588,ATRS
589,ATSG
590,ATTO
591,ATURF
592,ATUS
593,ATUSF
594,ATVI
595,ATXG
596,ATXI
597,AU
598,AUB
599,AUBN
600,AUDC
601,AUMBF
602,AUMN
603,AUNFF
604,AUPH
605,AUSAF
606,AUTL
607,AUTO
608,AUVI
609,AUXXF
610,AUY
611,AVA
612,AVAL
613,AVAN
614,AVAV
615,AVB
616,AVCNF
617,AVCO
618,AVCT
619,AVD
620,AVDL
621,AVEO
622,AVGDF
623,AVGO
624,AVGR
625,AVID
626,AVIR
627,AVLNF
628,AVLR
629,AVNE
630,AVNS
631,AVNT
632,AVNW
633,AVO
634,AVRO
635,AVT
636,AVTR
637,AVXL
638,AVY
639,AVYA
640,AWCMY
641,AWH
642,AWI
643,AWK
644,AWR
645,AWRE
646,AWX
647,AX
648,AXAHY
649,AXAS
650,AXDDF
651,AXDX
652,AXGN
653,AXIM
654,AXL
655,AXLA
656,AXMP
657,AXNX
658,AXON
659,AXP
660,AXR
661,AXREF
662,AXS
663,AXSM
664,AXTA
665,AXTI
666,AXU
667,AXVEF
668,AY
669,AYI
670,AYLA
671,AYRO
672,AYRWF
673,AYTU
674,AYX
675,AZEK
676,AZGSQ
677,AZMCF
678,AZN
679,AZO
680,AZPN
681,AZRE
682,AZRX
683,AZUL
684,AZYO
685,AZZ
686,AZZTF
687,AZZUF
688,B
689,BA
690,BABA
691,BABYF
692,BAC
693,BAH
694,BAK
695,BALY
696,BAM
697,BANC
698,BAND
699,BANF
700,BANR
701,BAOS
702,BAP
703,BARUF
704,BASA
705,BASFY
706,BASI
707,BASX
708,BATL
709,BATRA
710,BATRB
711,BATRK
712,BAX
713,BB
714,BBAR
715,BBBXF
716,BBBY
717,BBCP
718,BBD
719,BBDC
720,BBDO
721,BBGI
722,BBI
723,BBIG
724,BBIO
725,BBKCF
726,BBL
727,BBQ
728,BBRRF
729,BBSI
730,BBSRF
731,BBU
732,BBVA
733,BBW
734,BBXIA
735,BBY
736,BC
737,BCAB
738,BCACU
739,BCBP
740,BCC
741,BCDA
742,BCE
743,BCEI
744,BCEKF
745,BCEL
746,BCH
747,BCLI
748,BCML
749,BCO
750,BCOR
751,BCOV
752,BCOW
753,BCPC
754,BCRX
755,BCS
756,BCSF
757,BCTF
758,BCTG
759,BCTXF
760,BCYC
761,BCYP
762,BCYPU
763,BDC
764,BDCO
765,BDL
766,BDN
767,BDR
768,BDRAF
769,BDRBF
770,BDSI
771,BDSX
772,BDTX
773,BDX
774,BE
775,BEAM
776,BEBE
777,BECN
778,BEDU
779,BEEM
780,BEGI
781,BEKE
782,BELFA
783,BELFB
784,BELP
785,BEN
786,BENE
787,BENEU
788,BEP
789,BEPC
790,BERK
791,BERY
792,BEST
793,BETRF
794,BEVVF
795,BEWFF
796,BF-A
797,BFAM
798,BF-B
799,BFC
800,BFGCD
801,BFI
802,BFIN
803,BFLD
804,BFRA
805,BFRE
806,BFS
807,BFST
808,BFT
809,BFTI
810,BFT-UN
811,BG
812,BGACF
813,BGAVF
814,BGCP
815,BGFV
816,BGI
817,BGNE
818,BGS
819,BGSF
820,BH
821,BH-A
822,BHAT
823,BHB
824,BHBCQ
825,BHC
826,BHE
827,BHF
828,BHLB
829,BHNGF
830,BHP
831,BHR
832,BHSE
833,BHSEU
834,BHTG
835,BHVN
836,BHWB
837,BICTF
838,BICX
839,BIDCF
840,BIDU
841,BIG
842,BIGC
843,BIGG
844,BIIB
845,BILI
846,BILL
847,BIMI
848,BIO
849,BIOAF
850,BIO-B
851,BIOC
852,BIOIF
853,BIOL
854,BIOTU
855,BIOX
856,BIP
857,BIPC
858,BITE-UN
859,BIVI
860,BIXT
861,BJ
862,BJRI
863,BK
864,BKCC
865,BKD
866,BKE
867,BKEP
868,BKH
869,BKI
870,BKNG
871,BKR
872,BKRRF
873,BKSC
874,BKTI
875,BKU
876,BKUCF
877,BKYI
878,BL
879,BLAB
880,BLAGF
881,BLBD
882,BLCM
883,BLCT
884,BLD
885,BLDP
886,BLDR
887,BLEG
888,BLFS
889,BLGO
890,BLHI
891,BLI
892,BLILF
893,BLIN
894,BLK
895,BLKB
896,BLL
897,BLMN
898,BLNK
899,BLONF
900,BLPH
901,BLRX
902,BLSA
903,BLTSU
904,BLU
905,BLUA-UN
906,BLUE
907,BLUW
908,BLUWU
909,BLX
910,BMA
911,BMBL
912,BMI
913,BMMJ
914,BMNM
915,BMO
916,BMRA
917,BMRC
918,BMRN
919,BMTC
920,BMTLF
921,BMTM
922,BMTX
923,BMY
924,BNAUF
925,BNCC
926,BNCHF
927,BNED
928,BNET
929,BNFT
930,BNGO
931,BNKL
932,BNL
933,BNNLF
934,BNPQY
935,BNR
936,BNS
937,BNSO
938,BNTC
939,BNTX
940,BNVIF
941,BOAC
942,BOAC-UN
943,BOCH
944,BOH
945,BOID
946,BOKF
947,BOLT
948,BOMH
949,BOMN
950,BONXF
951,BOOM
952,BOOT
953,BORR
954,BOSC
955,BOSSY
956,BOTJ
957,BOWX
958,BOWXU
959,BOX
960,BOXL
961,BP
962,BPFH
963,BPMC
964,BPMP
965,BPOP
966,BPRN
967,BPT
968,BPTH
969,BPTS
970,BPY
971,BPYU
972,BQ
973,BR
974,BRBR
975,BRBS
976,BRC
977,BREZ
978,BRFH
979,BRFS
980,BRG
981,BRGGF
982,BRID
983,BRK-A
984,BRK-B
985,BRKL
986,BRKR
987,BRKS
988,BRLI
989,BRLIU
990,BRMK
991,BRN
992,BRO
993,BROG
994,BRP
995,BRPA
996,BRPAU
997,BRQS
998,BRSF
999,BRT
1000,BRY
1001,BSAC
1002,BSBK
1003,BSBR
1004,BSENF
1005,BSET
1006,BSGM
1007,BSIG
1008,BSM
1009,BSMX
1010,BSN
1011,BSN-UN
1012,BSPE
1013,BSQR
1014,BSRR
1015,BSTG
1016,BSVN
1017,BSX
1018,BSY
1019,BTAI
1020,BTAQ
1021,BTAQU
1022,BTBT
1023,BTCY
1024,BTG
1025,BTGN
1026,BTI
1027,BTN
1028,BTNB
1029,BTRS
1030,BTSR
1031,BTTR
1032,BTU
1033,BTWN
1034,BTWNU
1035,BUD
1036,BUDZ
1037,BUKS
1038,BUR
1039,BURL
1040,BUROF
1041,BUSE
1042,BUSXF
1043,BV
1044,BVH
1045,BVHBB
1046,BVN
1047,BVTK
1048,BVXV
1049,BW
1050,BWA
1051,BWAC
1052,BWACU
1053,BWAY
1054,BWB
1055,BWEN
1056,BWFG
1057,BWL-A
1058,BWMG
1059,BWMX
1060,BWXT
1061,BX
1062,BXC
1063,BXG
1064,BXMT
1065,BXP
1066,BXRX
1067,BXS
1068,BY
1069,BYD
1070,BYFC
1071,BYND
1072,BYRN
1073,BYSI
1074,BZH
1075,BZUN
1076,C
1077,CAAP
1078,CAAS
1079,CABA
1080,CABO
1081,CAC
1082,CACC
1083,CACI
1084,CADE
1085,CADMF
1086,CAE
1087,CAG
1088,CAGR
1089,CAH
1090,CAHCU
1091,CAI
1092,CAJ
1093,CAKE
1094,CAL
1095,CALA
1096,CALB
1097,CALM
1098,CALT
1099,CALX
1100,CAMP
1101,CAMT
1102,CAN
1103,CANB
1104,CANF
1105,CANG
1106,CANN
1107,CANSF
1108,CAP
1109,CAPA
1110,CAPAU
1111,CAPC
1112,CAPL
1113,CAPR
1114,CAPS
1115,CAP-UN
1116,CAR
1117,CARA
1118,CARE
1119,CARG
1120,CARR
1121,CARS
1122,CARV
1123,CAS
1124,CASA
1125,CASH
1126,CASI
1127,CASS
1128,CAS-UN
1129,CASY
1130,CAT
1131,CATB
1132,CATC
1133,CATM
1134,CATO
1135,CATY
1136,CB
1137,CBAH
1138,CBAH-UN
1139,CBAN
1140,CBAT
1141,CBAY
1142,CBB
1143,CBBI
1144,CBB-PB
1145,CBD
1146,CBDS
1147,CBDY
1148,CBFV
1149,CBGI
1150,CBIO
1151,CBKM
1152,CBLI
1153,CBLRF
1154,CBMB
1155,CBMG
1156,CBNK
1157,CBOE
1158,CBPJ
1159,CBPO
1160,CBRE
1161,CBRL
1162,CBSH
1163,CBT
1164,CBTX
1165,CBU
1166,CBULF
1167,CBWA
1168,CBWTF
1169,CBZ
1170,CC
1171,CCAC
1172,CCAP
1173,CCB
1174,CCBG
1175,CCCC
1176,CCCI
1177,CCEP
1178,CCF
1179,CCGGY
1180,CCHWF
1181,CCI
1182,CCIV
1183,CCIV-UN
1184,CCJ
1185,CCK
1186,CCL
1187,CCLP
1188,CCM
1189,CCMP
1190,CCNC
1191,CCNE
1192,CCO
1193,CCOI
1194,CCRC
1195,CCRN
1196,CCS
1197,CCTC
1198,CCU
1199,CCUR
1200,CCV
1201,CCV-UN
1202,CCWOF
1203,CCX
1204,CCXI
1205,CCX-UN
1206,CD
1207,CDAK
1208,CDAY
1209,CDE
1210,CDEV
1211,CDFT
1212,CDK
1213,CDLX
1214,CDMO
1215,CDNA
1216,CDNS
1217,CDOR
1218,CDR
1219,CDTX
1220,CDW
1221,CDXC
1222,CDXI
1223,CDXS
1224,CDZI
1225,CE
1226,CEA
1227,CECE
1228,CEI
1229,CEIX
1230,CELC
1231,CELH
1232,CELP
1233,CEMI
1234,CENHU
1235,CENT
1236,CENTA
1237,CENX
1238,CEO
1239,CEPU
1240,CEQP
1241,CERC
1242,CERE
1243,CERN
1244,CERS
1245,CERT
1246,CETX
1247,CETY
1248,CEVA
1249,CF
1250,CFAC
1251,CFACU
1252,CFB
1253,CFBK
1254,CFFI
1255,CFFN
1256,CFFVU
1257,CFG
1258,CFII
1259,CFIIU
1260,CFIVU
1261,CFMS
1262,CFNB
1263,CFR
1264,CFRX
1265,CFST
1266,CFX
1267,CFXA
1268,CG
1269,CGA
1270,CGBD
1271,CGC
1272,CGEM
1273,CGEN
1274,CGIX
1275,CGLCF
1276,CGLO
1277,CGMLF
1278,CGNT
1279,CGNX
1280,CGOL
1281,CGRO
1282,CGROU
1283,CHAQ
1284,CHAQ-UN
1285,CHBH
1286,CHCI
1287,CHCO
1288,CHCT
1289,CHD
1290,CHDN
1291,CHE
1292,CHEF
1293,CHFS
1294,CHFW
1295,CHFW-UN
1296,CHGG
1297,CHGT
1298,CHH
1299,CHIT
1300,CHKKF
1301,CHKP
1302,CHMA
1303,CHMD
1304,CHMG
1305,CHMI
1306,CHMJF
1307,CHMR
1308,CHNG
1309,CHNGU
1310,CHNR
1311,CHNUF
1312,CHOOF
1313,CHOPF
1314,CHPGF
1315,CHPM
1316,CHPMU
1317,CHRA
1318,CHRS
1319,CHRW
1320,CHS
1321,CHT
1322,CHTR
1323,CHUY
1324,CHWY
1325,CHX
1326,CHXMF
1327,CI
1328,CIA
1329,CIAU
1330,CIB
1331,CIBEY
1332,CIBH
1333,CIDM
1334,CIEN
1335,CIG
1336,CIG-C
1337,CIGI
1338,CIH
1339,CIIC
1340,CIICU
1341,CIIT
1342,CIM
1343,CINF
1344,CINR
1345,CIO
1346,CIR
1347,CIT
1348,CIVB
1349,CIX
1350,CIXX
1351,CIZN
1352,CJCFF
1353,CJJD
1354,CKH
1355,CKPT
1356,CKX
1357,CKYS
1358,CL
1359,CLAR
1360,CLAS-UN
1361,CLA-UN
1362,CLB
1363,CLBK
1364,CLBN
1365,CLBS
1366,CLCN
1367,CLCS
1368,CLDB
1369,CLDR
1370,CLDT
1371,CLDX
1372,CLEU
1373,CLF
1374,CLFD
1375,CLGN
1376,CLGX
1377,CLH
1378,CLI
1379,CLII
1380,CLII-UN
1381,CLIM-UN
1382,CLIR
1383,CLLS
1384,CLMT
1385,CLNC
1386,CLNE
1387,CLNN
1388,CLNY
1389,CLOK
1390,CLOV
1391,CLPR
1392,CLPS
1393,CLPT
1394,CLR
1395,CLRB
1396,CLRMF
1397,CLRMU
1398,CLRO
1399,CLS
1400,CLSD
1401,CLSH
1402,CLSK
1403,CLSN
1404,CLVR
1405,CLVS
1406,CLVT
1407,CLW
1408,CLWT
1409,CLX
1410,CLXT
1411,CM
1412,CMA
1413,CMBM
1414,CMC
1415,CMCI
1416,CMCL
1417,CMCM
1418,CMCO
1419,CMCSA
1420,CMCT
1421,CMD
1422,CME
1423,CMETF
1424,CMG
1425,CMGGF
1426,CMI
1427,CMLF
1428,CMLFU
1429,CMLS
1430,CMO
1431,CMP
1432,CMPI
1433,CMPR
1434,CMPS
1435,CMRE
1436,CMRX
1437,CMS
1438,CMT
1439,CMTL
1440,CMTV
1441,CMXC
1442,CNA
1443,CNAF
1444,CNBKA
1445,CNBN
1446,CNBX
1447,CNC
1448,CNCE
1449,CNCG
1450,CNCM
1451,CND
1452,CNDT
1453,CND-UN
1454,CNET
1455,CNEY
1456,CNF
1457,CNFN
1458,CNFR
1459,CNHI
1460,CNI
1461,CNIG
1462,CNIKF
1463,CNK
1464,CNMD
1465,CNNB
1466,CNNE
1467,CNNEF
1468,CNO
1469,CNOB
1470,CNP
1471,CNQ
1472,CNR
1473,CNS
1474,CNSL
1475,CNSNF
1476,CNSP
1477,CNST
1478,CNTG
1479,CNTMF
1480,CNTY
1481,CNUCF
1482,CNX
1483,CNXC
1484,CNXN
1485,CO
1486,COCP
1487,CODA
1488,CODI
1489,CODX
1490,COE
1491,COF
1492,COFS
1493,COG
1494,COGNY
1495,COGT
1496,COHN
1497,COHR
1498,COHU
1499,COKE
1500,COLB
1501,COLD
1502,COLL
1503,COLM
1504,COMM
1505,COMS
1506,CONE
1507,CONN
1508,CONX
1509,CONXU
1510,COO
1511,COOLU
1512,COOP
1513,COP
1514,COR
1515,CORC
1516,CORE
1517,CORR
1518,CORT
1519,CORX
1520,COSM
1521,COST
1522,COTY
1523,COUP
1524,COVAU
1525,COWN
1526,COWP
1527,CP
1528,CPA
1529,CPAC
1530,CPAH
1531,CPB
1532,CPE
1533,CPEU
1534,CPF
1535,CPG
1536,CPHB
1537,CPHC
1538,CPHI
1539,CPIX
1540,CPK
1541,CPKF
1542,CPLG
1543,CPLP
1544,CPLT
1545,CPMV
1546,CPPXF
1547,CPRI
1548,CPRT
1549,CPRX
1550,CPS
1551,CPSH
1552,CPSI
1553,CPSR
1554,CPSR-UN
1555,CPSS
1556,CPST
1557,CPT
1558,CPTA
1559,CPTK-UN
1560,CPTP
1561,CPUH-UN
1562,CQP
1563,CR
1564,CRAI
1565,CRBP
1566,CRC
1567,CRCUF
1568,CRD-A
1569,CRD-B
1570,CRDF
1571,CRECF
1572,CREE
1573,CREG
1574,CRESY
1575,CREX
1576,CRH
1577,CRHC-UN
1578,CRHM
1579,CRI
1580,CRIS
1581,CRK
1582,CRKN
1583,CRL
1584,CRLBF
1585,CRM
1586,CRMD
1587,CRMT
1588,CRMZ
1589,CRNC
1590,CRNT
1591,CRNX
1592,CRON
1593,CROX
1594,CRPOF
1595,CRS
1596,CRSA
1597,CRSAU
1598,CRSP
1599,CRSR
1600,CRSS
1601,CRSXF
1602,CRT
1603,CRTD
1604,CRTG
1605,CRTO
1606,CRTPF
1607,CRTX
1608,CRUS
1609,CRU-UN
1610,CRVL
1611,CRVS
1612,CRVW
1613,CRWD
1614,CRWS
1615,CRY
1616,CS
1617,CSBR
1618,CSCO
1619,CSCW
1620,CSGP
1621,CSGS
1622,CSHX
1623,CSII
1624,CSIQ
1625,CSL
1626,CSLT
1627,CSOD
1628,CSPI
1629,CSPR
1630,CSR
1631,CSSE
1632,CSTA-UN
1633,CSTE
1634,CSTL
1635,CSTM
1636,CSTR
1637,CSU
1638,CSV
1639,CSVI
1640,CSWC
1641,CSWI
1642,CSX
1643,CTAC
1644,CTAM
1645,CTAQ
1646,CTAQU
1647,CTARF
1648,CTAS
1649,CTB
1650,CTBI
1651,CTCC
1652,CTCK
1653,CTEK
1654,CTEQF
1655,CTG
1656,CTGL
1657,CTGO
1658,CTHR
1659,CTIB
1660,CTIC
1661,CTK
1662,CTLT
1663,CTMX
1664,CTO
1665,CTRE
1666,CTRM
1667,CTRN
1668,CTS
1669,CTSDF
1670,CTSH
1671,CTSO
1672,CTT
1673,CTUY
1674,CTVA
1675,CTXR
1676,CTXS
1677,CTXXF
1678,CUB
1679,CUBE
1680,CUBI
1681,CUE
1682,CUEN
1683,CUK
1684,CULP
1685,CURI
1686,CURLF
1687,CURM
1688,CURO
1689,CURR
1690,CUTR
1691,CUZ
1692,CVA
1693,CVAC
1694,CVALF
1695,CVAT
1696,CVBF
1697,CVCO
1698,CVCY
1699,CVE
1700,CVEO
1701,CVET
1702,CVGI
1703,CVGRF
1704,CVGW
1705,CVI
1706,CVLB
1707,CVLG
1708,CVLT
1709,CVLY
1710,CVM
1711,CVNA
1712,CVR
1713,CVS
1714,CVSC
1715,CVSI
1716,CVU
1717,CVV
1718,CVVUF
1719,CVX
1720,CW
1721,CWBC
1722,CWBHF
1723,CWBR
1724,CWCO
1725,CWEN
1726,CWEN-A
1727,CWGL
1728,CWH
1729,CWK
1730,CWRK
1731,CWST
1732,CWT
1733,CX
1734,CXBMF
1735,CXBS
1736,CXDC
1737,CXDO
1738,CXIA
1739,CXP
1740,CXUS
1741,CXW
1742,CYAD
1743,CYAN
1744,CYBE
1745,CYBR
1746,CYCC
1747,CYCN
1748,CYD
1749,CYDVF
1750,CYDY
1751,CYH
1752,CYLYF
1753,CYNK
1754,CYPE
1755,CYPW
1756,CYRD
1757,CYRN
1758,CYRS
1759,CYRX
1760,CYSM
1761,CYTH
1762,CYTK
1763,CYTR
1764,CZNC
1765,CZR
1766,CZWI
1767,CZZ
1768,D
1769,DAC
1770,DADA
1771,DAIO
1772,DAKT
1773,DAL
1774,DAN
1775,DANOY
1776,DAO
1777,DAR
1778,DARE
1779,DASH
1780,DAVA
1781,DB
1782,DBCCF
1783,DBD
1784,DBDR
1785,DBDRU
1786,DBI
1787,DBIN
1788,DBMM
1789,DBVT
1790,DBX
1791,DCBO
1792,DCI
1793,DCO
1794,DCOM
1795,DCP
1796,DCPH
1797,DCRB
1798,DCRBU
1799,DCRNU
1800,DCT
1801,DCTH
1802,DCUE
1803,DD
1804,DDD
1805,DDMX
1806,DDMXU
1807,DDOG
1808,DDS
1809,DE
1810,DEA
1811,DECK
1812,DECN
1813,DEH
1814,DEI
1815,DELL
1816,DEN
1817,DENN
1818,DEO
1819,DESP
1820,DFFN
1821,DFH
1822,DFHT
1823,DFHTU
1824,DFIN
1825,DFNS
1826,DFNS-UN
1827,DFPH
1828,DFPHU
1829,DFS
1830,DG
1831,DGCRF
1832,DGICA
1833,DGICB
1834,DGII
1835,DGLT
1836,DGLY
1837,DGMS
1838,DGNOF
1839,DGNR
1840,DGNR-UN
1841,DGNS
1842,DGX
1843,DHC
1844,DHHCU
1845,DHI
1846,DHIL
1847,DHR
1848,DHT
1849,DHX
1850,DIGP
1851,DIN
1852,DIOD
1853,DIS
1854,DISCA
1855,DISCB
1856,DISCK
1857,DISH
1858,DIT
1859,DJCO
1860,DK
1861,DKL
1862,DKNG
1863,DKS
1864,DL
1865,DLA
1866,DLAD
1867,DLAKY
1868,DLB
1869,DLCAU
1870,DLGI
1871,DLHC
1872,DLNG
1873,DLPN
1874,DLR
1875,DLTA
1876,DLTH
1877,DLTR
1878,DLX
1879,DM
1880,DMAC
1881,DMEC
1882,DMEHF
1883,DMGGF
1884,DMIFF
1885,DMKBA
1886,DMLP
1887,DMRC
1888,DMS
1889,DMSI
1890,DMTK
1891,DMYD
1892,DMYD-UN
1893,DMYI
1894,DMYI-UN
1895,DNAG
1896,DNB
1897,DNK
1898,DNLI
1899,DNMR
1900,DNN
1901,DNOW
1902,DNZ-UN
1903,DOC
1904,DOCU
1905,DOGZ
1906,DOMO
1907,DOOO
1908,DOOR
1909,DORM
1910,DOV
1911,DOW
1912,DOX
1913,DOYU
1914,DPDW
1915,DPER
1916,DPW
1917,DPZ
1918,DQ
1919,DRCMF
1920,DRD
1921,DRE
1922,DRH
1923,DRI
1924,DRIO
1925,DRNA
1926,DRQ
1927,DRRX
1928,DRSV
1929,DRTT
1930,DRVN
1931,DRYN
1932,DS
1933,DSAC
1934,DSACU
1935,DSBX
1936,DSGT
1937,DSGX
1938,DSKE
1939,DSNY
1940,DSP
1941,DSPG
1942,DSS
1943,DSSI
1944,DSVMF
1945,DSWL
1946,DSX
1947,DT
1948,DTE
1949,DTEA
1950,DTEGY
1951,DTEV
1952,DTGI
1953,DTIL
1954,DTP
1955,DTRC
1956,DTSS
1957,DTST
1958,DUK
1959,DUNEU
1960,DUO
1961,DUOT
1962,DVA
1963,DVAX
1964,DVCR
1965,DVD
1966,DVN
1967,DWIN
1968,DWIN-UN
1969,DWSN
1970,DX
1971,DXC
1972,DXCM
1973,DXF
1974,DXLG
1975,DXPE
1976,DXR
1977,DXYN
1978,DY
1979,DYAI
1980,DYFSF
1981,DYN
1982,DYNR
1983,DYNT
1984,DYXC
1985,DZSI
1986,E
1987,EA
1988,EACC
1989,EACPU
1990,EAF
1991,EAPH
1992,EAR
1993,EARN
1994,EARS
1995,EAST
1996,EAT
1997,EAWD
1998,EB
1999,EBC
2000,EBF
2001,EBIX
2002,EBMT
2003,EBON
2004,EBR
2005,EBR-B
2006,EBS
2007,EBSB
2008,EBTC
2009,EC
2010,ECCI
2011,ECHO
2012,ECL
2013,ECOL
2014,ECOM
2015,ECOR
2016,ECOS
2017,ECPG
2018,ECUI
2019,ED
2020,EDAP
2021,EDIT
2022,EDN
2023,EDRY
2024,EDSA
2025,EDTK
2026,EDTX
2027,EDTXU
2028,EDU
2029,EDUC
2030,EDVMF
2031,EEFT
2032,EEVVF
2033,EEX
2034,EFBI
2035,EFC
2036,EFLT
2037,EFLVF
2038,EFOI
2039,EFRGF
2040,EFSC
2041,EFSH
2042,EFSI
2043,EFTI
2044,EFX
2045,EGAN
2046,EGBN
2047,EGHT
2048,EGIL
2049,EGLE
2050,EGO
2051,EGOV
2052,EGP
2053,EGRX
2054,EGTYF
2055,EGY
2056,EH
2057,EHC
2058,EHTH
2059,EHYD
2060,EIG
2061,EIGR
2062,EIX
2063,EKSO
2064,EL
2065,ELA
2066,ELAN
2067,ELAT
2068,ELDN
2069,ELED
2070,ELEMF
2071,ELF
2072,ELIXF
2073,ELLO
2074,ELMD
2075,ELOX
2076,ELP
2077,ELRE
2078,ELRRF
2079,ELS
2080,ELSE
2081,ELTK
2082,ELTP
2083,ELVG
2084,ELVT
2085,ELY
2086,ELYGF
2087,ELYS
2088,EMAN
2089,EMCF
2090,EME
2091,EMED
2092,EMHTF
2093,EMKR
2094,EML
2095,EMN
2096,EMNC
2097,EMPR
2098,EMPW
2099,EMPW-UN
2100,EMR
2101,EMX
2102,EMYB
2103,ENB
2104,ENBL
2105,ENBP
2106,ENCS
2107,ENCUF
2108,ENDP
2109,ENDV
2110,ENFAU
2111,ENG
2112,ENGMF
2113,ENIA
2114,ENIC
2115,ENLC
2116,ENLV
2117,ENNVU
2118,ENOB
2119,ENPC
2120,ENPC-UN
2121,ENPH
2122,ENR
2123,ENS
2124,ENSG
2125,ENSV
2126,ENTA
2127,ENTG
2128,ENTX
2129,ENV
2130,ENVA
2131,ENVB
2132,ENVIU
2133,ENZ
2134,ENZN
2135,EOG
2136,EOLS
2137,EOPT
2138,EOSE
2139,EOSS
2140,EPAC
2141,EPAM
2142,EPAY
2143,EPC
2144,EPD
2145,EPEO
2146,EPGNY
2147,EPHYU
2148,EPIX
2149,EPM
2150,EPR
2151,EPRT
2152,EPSN
2153,EPWR-UN
2154,EPZM
2155,EQ
2156,EQBK
2157,EQC
2158,EQD
2159,EQFN
2160,EQH
2161,EQHA-UN
2162,EQIX
2163,EQMEF
2164,EQNR
2165,EQOS
2166,EQR
2167,EQT
2168,EQX
2169,ERES
2170,ERESU
2171,ERF
2172,ERHE
2173,ERIC
2174,ERIE
2175,ERII
2176,ERJ
2177,ERLFF
2178,ERUC
2179,ERYP
2180,ES
2181,ESBA
2182,ESBK
2183,ESCA
2184,ESE
2185,ESEA
2186,ESGC
2187,ESGR
2188,ESI
2189,ESIFF
2190,ESKYF
2191,ESLT
2192,ESMC
2193,ESNT
2194,ESOA
2195,ESP
2196,ESPHQ
2197,ESPR
2198,ESQ
2199,ESQF
2200,ESRT
2201,ESS
2202,ESSA
2203,ESSC
2204,ESSCU
2205,ESSI
2206,ESTA
2207,ESTC
2208,ESTE
2209,ESXB
2210,ESYJY
2211,ET
2212,ETAC
2213,ETACU
2214,ETAH
2215,ETH
2216,ETHOF
2217,ETM
2218,ETN
2219,ETNB
2220,ETON
2221,ETR
2222,ETRN
2223,ETST
2224,ETSY
2225,ETTX
2226,ETWO
2227,EUCR
2228,EURN
2229,EUSGU
2230,EV
2231,EVA
2232,EVAX
2233,EVBG
2234,EVBN
2235,EVC
2236,EVER
2237,EVFM
2238,EVGN
2239,EVH
2240,EVI
2241,EVK
2242,EVLO
2243,EVOJU
2244,EVOK
2245,EVOL
2246,EVOP
2247,EVR
2248,EVRG
2249,EVRI
2250,EVTC
2251,EW
2252,EWBC
2253,EWLU
2254,EXAS
2255,EXC
2256,EXDI
2257,EXEL
2258,EXEO
2259,EXER
2260,EXFO
2261,EXK
2262,EXLS
2263,EXMGF
2264,EXN
2265,EXP
2266,EXPC
2267,EXPCU
2268,EXPD
2269,EXPE
2270,EXPFF
2271,EXPGY
2272,EXPH
2273,EXPI
2274,EXPO
2275,EXPR
2276,EXR
2277,EXROF
2278,EXTN
2279,EXTR
2280,EYE
2281,EYEG
2282,EYEN
2283,EYES
2284,EYPT
2285,EZGO
2286,EZPW
2287,F
2288,FACO
2289,FAF
2290,FAII
2291,FAII-UN
2292,FALC
2293,FAMI
2294,FANG
2295,FANH
2296,FARE
2297,FARM
2298,FARO
2299,FAST
2300,FAT
2301,FATE
2302,FB
2303,FBAK
2304,FBC
2305,FBHS
2306,FBIO
2307,FBIZ
2308,FBK
2309,FBMS
2310,FBNC
2311,FBP
2312,FBPA
2313,FBRX
2314,FBSS
2315,FBTT
2316,FC
2317,FCAC
2318,FCACU
2319,FCAP
2320,FCAX-UN
2321,FCBC
2322,FCBP
2323,FCCO
2324,FCCY
2325,FCEL
2326,FCF
2327,FCFS
2328,FCIC
2329,FCN
2330,FCNCA
2331,FCPT
2332,FCRD
2333,FCSMF
2334,FCUUF
2335,FCUV
2336,FCX
2337,FDBC
2338,FDCT
2339,FDEI
2340,FDMT
2341,FDP
2342,FDS
2343,FDUS
2344,FDVA
2345,FDVRF
2346,FDX
2347,FE
2348,FEDU
2349,FEERF
2350,FEIM
2351,FELE
2352,FENC
2353,FENG
2354,FERGY
2355,FET
2356,FETM
2357,FEYE
2358,FF
2359,FFBC
2360,FFBW
2361,FFG
2362,FFHL
2363,FFIC
2364,FFIN
2365,FFIV
2366,FFLWF
2367,FFMGF
2368,FFMR
2369,FFNTF
2370,FFNW
2371,FFWM
2372,FGBI
2373,FGEN
2374,FGF
2375,FGNA
2376,FGNA-UN
2377,FHB
2378,FHI
2379,FHN
2380,FHTX
2381,FI
2382,FIBK
2383,FICO
2384,FIII
2385,FIIIU
2386,FINMU
2387,FINV
2388,FIOGF
2389,FIORF
2390,FIS
2391,FISI
2392,FISK
2393,FISOF
2394,FISV
2395,FITB
2396,FITX
2397,FIVE
2398,FIVN
2399,FIX
2400,FIXX
2401,FIZZ
2402,FKMCF
2403,FKWL
2404,FL
2405,FLAC
2406,FLACU
2407,FLCXD
2408,FLDM
2409,FLEX
2410,FLGT
2411,FLIC
2412,FLIR
2413,FLL
2414,FLMMF
2415,FLMN
2416,FLNG
2417,FLNT
2418,FLO
2419,FLOOF
2420,FLOW
2421,FLR
2422,FLS
2423,FLT
2424,FLURF
2425,FLUX
2426,FLWS
2427,FLXN
2428,FLXS
2429,FLY
2430,FLYLF
2431,FMAC
2432,FMAC-UN
2433,FMAO
2434,FMBH
2435,FMBI
2436,FMBL
2437,FMBM
2438,FMC
2439,FMCB
2440,FMCC
2441,FMFN
2442,FMNB
2443,FMS
2444,FMTX
2445,FMX
2446,FN
2447,FNB
2448,FNCB
2449,FND
2450,FNF
2451,FNGR
2452,FNHC
2453,FNKO
2454,FNLC
2455,FNMA
2456,FNRG
2457,FNRN
2458,FNV
2459,FNWB
2460,FOCS
2461,FOE
2462,FOLD
2463,FONR
2464,FOR
2465,FORD
2466,FOREU
2467,FORM
2468,FORR
2469,FORTY
2470,FOSL
2471,FOUR
2472,FOX
2473,FOXA
2474,FOXF
2475,FOXWU
2476,FPAC
2477,FPAC-UN
2478,FPAY
2479,FPH
2480,FPI
2481,FPRX
2482,FR
2483,FRAF
2484,FRBA
2485,FRBK
2486,FRC
2487,FRD
2488,FREE
2489,FREQ
2490,FRERF
2491,FREYY
2492,FRG
2493,FRGI
2494,FRHC
2495,FRLI
2496,FRLN
2497,FRMC
2498,FRME
2499,FRO
2500,FROG
2501,FRPH
2502,FRPT
2503,FRSB
2504,FRSX
2505,FRT
2506,FRTA
2507,FRTD
2508,FRX
2509,FRX-UN
2510,FSBW
2511,FSEA
2512,FSFG
2513,FSI
2514,FSK
2515,FSKR
2516,FSLR
2517,FSLY
2518,FSM
2519,FSP
2520,FSPM
2521,FSR
2522,FSRV
2523,FSRVU
2524,FSS
2525,FSSIU
2526,FST
2527,FSTR
2528,FST-UN
2529,FSTX
2530,FSUGY
2531,FSV
2532,FTAI
2533,FTCH
2534,FTCV
2535,FTCVU
2536,FTDR
2537,FTEK
2538,FTFT
2539,FTHM
2540,FTI
2541,FTIV
2542,FTIVU
2543,FTK
2544,FTMDF
2545,FTNT
2546,FTOC
2547,FTOCU
2548,FTS
2549,FTSI
2550,FTSSF
2551,FTV
2552,FUBO
2553,FUL
2554,FULC
2555,FULT
2556,FUN
2557,FUNC
2558,FURY
2559,FUSB
2560,FUSE
2561,FUSEF
2562,FUSE-UN
2563,FUSN
2564,FUTU
2565,FUV
2566,FVAM
2567,FVCB
2568,FVE
2569,FVRG
2570,FVRR
2571,FVTI
2572,FVT-UN
2573,FWAA
2574,FWONA
2575,FWONB
2576,FWONK
2577,FWP
2578,FWRD
2579,FXNC
2580,G
2581,GABC
2582,GAEC
2583,GAIA
2584,GAILY
2585,GAIN
2586,GALT
2587,GAN
2588,GARWF
2589,GASS
2590,GATGF
2591,GATO
2592,GATX
2593,GAU
2594,GAXY
2595,GB
2596,GBCI
2597,GBDC
2598,GBIO
2599,GBL
2600,GBLI
2601,GBLX
2602,GBNY
2603,GBOOY
2604,GBR
2605,GBS
2606,GBT
2607,GBTC
2608,GBX
2609,GCACU
2610,GCBC
2611,GCEH
2612,GCI
2613,GCMG
2614,GCO
2615,GCP
2616,GD
2617,GDDY
2618,GDEN
2619,GDLC
2620,GDOT
2621,GDP
2622,GDRX
2623,GDRZF
2624,GDS
2625,GDYN
2626,GE
2627,GECC
2628,GEF
2629,GEF-B
2630,GEG
2631,GEL
2632,GELV
2633,GEN
2634,GENC
2635,GENE
2636,GENMF
2637,GENTF
2638,GEO
2639,GEOS
2640,GEPC
2641,GERN
2642,GES
2643,GEVO
2644,GFED
2645,GFF
2646,GFI
2647,GFL
2648,GFLU
2649,GFN
2650,GFX
2651,GFX-UN
2652,GGAL
2653,GGB
2654,GGBL
2655,GGG
2656,GGGOF
2657,GGTTF
2658,GH
2659,GHACU
2660,GHC
2661,GHG
2662,GHGH
2663,GHL
2664,GHLD
2665,GHM
2666,GHSI
2667,GHVI
2668,GHVIU
2669,GIB
2670,GIFI
2671,GIGA
2672,GIGGU
2673,GIGM
2674,GIII
2675,GIK
2676,GIK-UN
2677,GIL
2678,GILD
2679,GILT
2680,GIS
2681,GIX
2682,GIX-UN
2683,GKOS
2684,GL
2685,GLAD
2686,GLAE
2687,GLAQ
2688,GLAQU
2689,GLATF
2690,GLBS
2691,GLBXF
2692,GLBZ
2693,GLCC
2694,GLDD
2695,GLDG
2696,GLDXF
2697,GLEO
2698,GLEO-UN
2699,GLG
2700,GLGDF
2701,GLGI
2702,GLLA
2703,GLMD
2704,GLNG
2705,GLOB
2706,GLOG
2707,GLOP
2708,GLP
2709,GLPG
2710,GLPI
2711,GLRE
2712,GLSI
2713,GLT
2714,GLTO
2715,GLUU
2716,GLVMF
2717,GLW
2718,GLXZ
2719,GLYC
2720,GM
2721,GMAB
2722,GMBL
2723,GMBTU
2724,GMDA
2725,GME
2726,GMED
2727,GMEI
2728,GMIIU
2729,GMLP
2730,GMRE
2731,GMS
2732,GMSC
2733,GMTX
2734,GMVMF
2735,GNACU
2736,GNAL
2737,GNBT
2738,GNCA
2739,GNE
2740,GNFT
2741,GNK
2742,GNL
2743,GNLN
2744,GNMK
2745,GNOG
2746,GNOLF
2747,GNPK
2748,GNPK-UN
2749,GNPR
2750,GNPX
2751,GNRC
2752,GNRS
2753,GNRSU
2754,GNRV
2755,GNSS
2756,GNTX
2757,GNTY
2758,GNUS
2759,GNW
2760,GO
2761,GOAC
2762,GOAC-UN
2763,GOCH
2764,GOCO
2765,GODZF
2766,GOED
2767,GOEV
2768,GOGL
2769,GOGO
2770,GOL
2771,GOLD
2772,GOLF
2773,GOOD
2774,GOOG
2775,GOOGL
2776,GOOS
2777,GORO
2778,GOSS
2779,GOTRF
2780,GOVX
2781,GP
2782,GPACU
2783,GPC
2784,GPFT
2785,GPHBF
2786,GPHOF
2787,GPI
2788,GPK
2789,GPKE
2790,GPL
2791,GPMT
2792,GPN
2793,GPP
2794,GPRC
2795,GPRE
2796,GPRK
2797,GPRO
2798,GPS
2799,GPTC
2800,GPTRF
2801,GPX
2802,GPXM
2803,GRA
2804,GRAY
2805,GRBK
2806,GRBX
2807,GRC
2808,GRCAF
2809,GRCL
2810,GRCY
2811,GRCYU
2812,GRFS
2813,GRGR
2814,GRIL
2815,GRIN
2816,GRMM
2817,GRMN
2818,GRNO
2819,GRNQ
2820,GRNV
2821,GRNVU
2822,GROG
2823,GROW
2824,GRPN
2825,GRP-UN
2826,GRRB
2827,GRSLF
2828,GRSV
2829,GRSVU
2830,GRTS
2831,GRTX
2832,GRUB
2833,GRVY
2834,GRWC
2835,GRWG
2836,GRYN
2837,GS
2838,GSAH
2839,GSAH-UN
2840,GSAQU
2841,GSAT
2842,GSBC
2843,GSBD
2844,GSHD
2845,GSIL
2846,GSIT
2847,GSK
2848,GSKY
2849,GSL
2850,GSM
2851,GSMG
2852,GSNC
2853,GSQD-UN
2854,GSS
2855,GSUM
2856,GSV
2857,GSX
2858,GT
2859,GTAGF
2860,GTBAF
2861,GTBIF
2862,GTBP
2863,GTCP
2864,GTE
2865,GTEC
2866,GTES
2867,GTGDF
2868,GTGP
2869,GTH
2870,GTHP
2871,GTHX
2872,GTIM
2873,GTLS
2874,GTMAY
2875,GTN
2876,GTN-A
2877,GTS
2878,GTSO
2879,GTT
2880,GTY
2881,GTYH
2882,GURE
2883,GUYGF
2884,GVA
2885,GVP
2886,GVXXF
2887,GWAC
2888,GWB
2889,GWGH
2890,GWMGF
2891,GWPH
2892,GWRE
2893,GWRS
2894,GWTI
2895,GWW
2896,GWYT
2897,GXGX
2898,GXGXU
2899,GXSFF
2900,GYRO
2901,GZDIF
2902,H
2903,HA
2904,HAAC
2905,HAACU
2906,HAE
2907,HAFC
2908,HAIN
2909,HAL
2910,HALL
2911,HALO
2912,HAPP
2913,HARL
2914,HARP
2915,HAS
2916,HASI
2917,HAYN
2918,HBAN
2919,HBB
2920,HBCP
2921,HBI
2922,HBIO
2923,HBM
2924,HBMD
2925,HBNC
2926,HBORF
2927,HBP
2928,HBT
2929,HCA
2930,HCANF
2931,HCAP
2932,HCAQ
2933,HCARU
2934,HCAT
2935,HCC
2936,HCCCU
2937,HCCI
2938,HCDI
2939,HCHC
2940,HCI
2941,HCICU
2942,HCIIU
2943,HCKT
2944,HCM
2945,HCSG
2946,HCYT
2947,HD
2948,HDB
2949,HDRSF
2950,HDSLF
2951,HDSN
2952,HE
2953,HEAR
2954,HEC
2955,HECCU
2956,HEES
2957,HEI
2958,HEI-A
2959,HEINY
2960,HELE
2961,HEOFF
2962,HEP
2963,HEPA
2964,HERTF
2965,HES
2966,HESM
2967,HESV
2968,HEXO
2969,HFBL
2970,HFC
2971,HFFG
2972,HFWA
2973,HGBL
2974,HGEN
2975,HGGOF
2976,HGLC
2977,HGSH
2978,HGTXU
2979,HGV
2980,HHC
2981,HHLA-UN
2982,HHR
2983,HI
2984,HIBB
2985,HIFS
2986,HIG
2987,HIGA
2988,HIGA-UN
2989,HIHO
2990,HII
2991,HIL
2992,HIMS
2993,HIMX
2994,HITIF
2995,HIW
2996,HJLI
2997,HKBV
2998,HKHHY
2999,HKIB
3000,HL
3001,HLAHU
3002,HLAN
3003,HLF
3004,HLG
3005,HLI
3006,HLIO
3007,HLIT
3008,HLIX
3009,HLLXF
3010,HLNE
3011,HLRTF
3012,HLT
3013,HLX
3014,HLXA
3015,HLYK
3016,HMC
3017,HMCO
3018,HMCOU
3019,HMG
3020,HMHC
3021,HMI
3022,HMLP
3023,HMMR
3024,HMN
3025,HMNF
3026,HMPT
3027,HMST
3028,HMSY
3029,HMTV
3030,HMY
3031,HNCKF
3032,HNGR
3033,HNI
3034,HNNA
3035,HNP
3036,HNRG
3037,HOFT
3038,HOFV
3039,HOG
3040,HOILF
3041,HOL
3042,HOLI
3043,HOLUU
3044,HOLX
3045,HOMB
3046,HOME
3047,HON
3048,HONE
3049,HOOK
3050,HOPE
3051,HOTH
3052,HOV
3053,HP
3054,HPE
3055,HPK
3056,HPP
3057,HPQ
3058,HPR
3059,HPTO
3060,HPX
3061,HPX-UN
3062,HQDA
3063,HQI
3064,HQY
3065,HR
3066,HRB
3067,HRC
3068,HRI
3069,HRL
3070,HRMY
3071,HROW
3072,HRTG
3073,HRTH
3074,HRTX
3075,HRVSF
3076,HRZN
3077,HSAQ
3078,HSBC
3079,HSBI
3080,HSC
3081,HSDT
3082,HSHL
3083,HSIC
3084,HSII
3085,HSKA
3086,HSON
3087,HST
3088,HSTM
3089,HSTO
3090,HSY
3091,HT
3092,HTA
3093,HTBI
3094,HTBK
3095,HTBX
3096,HTDS
3097,HTGC
3098,HTGM
3099,HTH
3100,HTHT
3101,HTLD
3102,HTLF
3103,HTOO
3104,HTPA
3105,HTPA-UN
3106,HTPRF
3107,HTRE
3108,HUBB
3109,HUBG
3110,HUBS
3111,HUDI
3112,HUGE
3113,HUIZ
3114,HUM
3115,HUN
3116,HURC
3117,HURN
3118,HUSA
3119,HUSN
3120,HUTMF
3121,HUYA
3122,HVBC
3123,HVBTF
3124,HVT
3125,HVT-A
3126,HVYB
3127,HWBK
3128,HWC
3129,HWCC
3130,HWKN
3131,HWM
3132,HX
3133,HXL
3134,HY
3135,HYFM
3136,HYGN
3137,HYHDF
3138,HYHY
3139,HYII
3140,HYLN
3141,HYMC
3142,HYRE
3143,HZAC
3144,HZAC-UN
3145,HZN
3146,HZNP
3147,HZO
3148,HZON
3149,HZON-UN
3150,IAA
3151,IAALF
3152,IAC
3153,IACA
3154,IACA-UN
3155,IACB-UN
3156,IAG
3157,IAIC
3158,IART
3159,IBA
3160,IBCP
3161,IBEX
3162,IBIN
3163,IBIO
3164,IBKR
3165,IBM
3166,IBN
3167,IBOC
3168,IBOKY
3169,IBP
3170,IBTX
3171,IBXG
3172,ICAD
3173,ICBK
3174,ICCC
3175,ICCH
3176,ICCT
3177,ICD
3178,ICE
3179,ICFI
3180,ICHR
3181,ICL
3182,ICLK
3183,ICLR
3184,ICMB
3185,ICNAF
3186,ICNB
3187,ICON
3188,ICOTF
3189,ICPT
3190,ICTSF
3191,ICTV
3192,ICUI
3193,ID
3194,IDA
3195,IDCC
3196,IDEX
3197,IDKFF
3198,IDN
3199,IDRA
3200,IDT
3201,IDTY
3202,IDXG
3203,IDXX
3204,IDYA
3205,IEA
3206,IEC
3207,IEHC
3208,IEP
3209,IESC
3210,IESFY
3211,IEVM
3212,IEX
3213,IFF
3214,IFFT
3215,IFMK
3216,IFNNY
3217,IFRX
3218,IFS
3219,IGAC
3220,IGACU
3221,IGAP
3222,IGC
3223,IGIC
3224,IGMS
3225,IGNYU
3226,IGPG
3227,IGT
3228,IGXT
3229,IH
3230,IHC
3231,IHG
3232,IHRT
3233,IHT
3234,IIAC
3235,IIAC-UN
3236,III
3237,IIII
3238,IIIIU
3239,IIIN
3240,IIIV
3241,IIN
3242,IINX
3243,IIPR
3244,IIVI
3245,IKNX
3246,IKT
3247,ILAL
3248,ILCC
3249,ILMN
3250,ILPT
3251,IMAB
3252,IMAC
3253,IMAX
3254,IMBBY
3255,IMBI
3256,IMCR
3257,IMEXF
3258,IMGN
3259,IMH
3260,IMII
3261,IMKTA
3262,IMMB
3263,IMMP
3264,IMMR
3265,IMNM
3266,IMO
3267,IMOS
3268,IMPUY
3269,IMPX
3270,IMPX-UN
3271,IMRA
3272,IMRN
3273,IMRSQ
3274,IMTE
3275,IMTX
3276,IMUX
3277,IMV
3278,IMVT
3279,IMXI
3280,INBK
3281,INBP
3282,INBX
3283,INCY
3284,INDB
3285,INDO
3286,INDT
3287,INDXF
3288,INFI
3289,INFN
3290,INFO
3291,INFU
3292,INFX
3293,INFY
3294,ING
3295,INGN
3296,INGR
3297,INIS
3298,INIX
3299,INKAU
3300,INLB
3301,INLX
3302,INM
3303,INMB
3304,INMD
3305,INN
3306,INO
3307,INOD
3308,INOV
3309,INPX
3310,INS
3311,INSE
3312,INSG
3313,INSM
3314,INSP
3315,INSW
3316,INT
3317,INTC
3318,INTG
3319,INTI
3320,INTT
3321,INTU
3322,INTV
3323,INTZ
3324,INUV
3325,INVA
3326,INVB
3327,INVE
3328,INVH
3329,INVO
3330,INVU
3331,INXSF
3332,INZY
3333,IO
3334,IONS
3335,IOR
3336,IOSP
3337,IOVA
3338,IP
3339,IPA
3340,IPAH
3341,IPAR
3342,IPCIF
3343,IPDN
3344,IPG
3345,IPGP
3346,IPHA
3347,IPHI
3348,IPI
3349,IPIX
3350,IPOD
3351,IPOD-UN
3352,IPOE
3353,IPOE-UN
3354,IPOF
3355,IPOF-UN
3356,IPOOF
3357,IPV
3358,IPV-UN
3359,IPWR
3360,IQ
3361,IQV
3362,IR
3363,IRBS
3364,IRBT
3365,IRCP
3366,IRDM
3367,IREP
3368,IRIX
3369,IRM
3370,IRMD
3371,IROQ
3372,IRS
3373,IRT
3374,IRTC
3375,IRVRF
3376,IRWD
3377,ISBA
3378,ISBC
3379,ISBL
3380,ISCO
3381,ISDR
3382,ISEE
3383,ISENF
3384,ISIG
3385,ISNS
3386,ISON
3387,ISR
3388,ISRG
3389,ISRJF
3390,ISSC
3391,ISTR
3392,ISUN
3393,ISYX
3394,IT
3395,ITACU
3396,ITCB
3397,ITCI
3398,ITEC
3399,ITGR
3400,ITHXU
3401,ITI
3402,ITIC
3403,ITKG
3404,ITLI
3405,ITMR
3406,ITOS
3407,ITP
3408,ITQRU
3409,ITRG
3410,ITRI
3411,ITRM
3412,ITRN
3413,ITT
3414,ITUB
3415,ITW
3416,IVA
3417,IVAC
3418,IVAN-UN
3419,IVC
3420,IVDN
3421,IVFH
3422,IVPAF
3423,IVR
3424,IVZ
3425,IWBB
3426,IWSY
3427,IX
3428,IXEH
3429,IXOG
3430,IZEA
3431,J
3432,JACK
3433,JAGX
3434,JAKK
3435,JAMF
3436,JAN
3437,JAX
3438,JAZZ
3439,JBGS
3440,JBHT
3441,JBL
3442,JBLU
3443,JBSAY
3444,JBSS
3445,JBT
3446,JCI
3447,JCICU
3448,JCOM
3449,JCS
3450,JCTCF
3451,JD
3452,JDVB
3453,JE
3454,JEF
3455,JELD
3456,JETMF
3457,JFBC
3458,JFIN
3459,JFU
3460,JG
3461,JGLDF
3462,JHG
3463,JHX
3464,JIH
3465,JIH-UN
3466,JILL
3467,JJSF
3468,JKHY
3469,JKS
3470,JKSM
3471,JLL
3472,JMIA
3473,JMP
3474,JMSB
3475,JNCE
3476,JNJ
3477,JNPR
3478,JOB
3479,JOBS
3480,JOE
3481,JOFFU
3482,JOSMF
3483,JOUT
3484,JP
3485,JPM
3486,JPOTF
3487,JRJC
3488,JRNGF
3489,JRSH
3490,JRVMF
3491,JRVR
3492,JSAIY
3493,JSDA
3494,JSFCY
3495,JT
3496,JUPW
3497,JUSHF
3498,JUVAF
3499,JVA
3500,JW-A
3501,JW-B
3502,JWN
3503,JWS
3504,JWSM-UN
3505,JWS-UN
3506,JYAC
3507,JYNT
3508,K
3509,KAI
3510,KAIRU
3511,KALA
3512,KALU
3513,KALV
3514,KAMN
3515,KAR
3516,KAVL
3517,KAYS
3518,KB
3519,KBAL
3520,KBH
3521,KBLB
3522,KBNT
3523,KBPH
3524,KBR
3525,KBSF
3526,KC
3527,KCLI
3528,KDCE
3529,KDMN
3530,KDNY
3531,KDP
3532,KE
3533,KELYA
3534,KELYB
3535,KEN
3536,KEP
3537,KEQU
3538,KERN
3539,KEX
3540,KEY
3541,KEYS
3542,KFFB
3543,KFRC
3544,KFS
3545,KFY
3546,KGC
3547,KGEIF
3548,KGET
3549,KGFHF
3550,KGFHY
3551,KGKG
3552,KHC
3553,KHRNF
3554,KIDS
3555,KIM
3556,KIN
3557,KINS
3558,KINZ
3559,KINZU
3560,KIQ
3561,KIRK
3562,KISB
3563,KITL
3564,KKR
3565,KL
3566,KLAC
3567,KLAQU
3568,KLDO
3569,KLEG
3570,KLIC
3571,KLR
3572,KLXE
3573,KMAG
3574,KMB
3575,KMDA
3576,KMI
3577,KMPH
3578,KMPR
3579,KMT
3580,KMX
3581,KN
3582,KNBIF
3583,KNDI
3584,KNL
3585,KNOP
3586,KNRLF
3587,KNSA
3588,KNSL
3589,KNTE
3590,KNTNF
3591,KNWN
3592,KNX
3593,KO
3594,KOAN
3595,KOD
3596,KODK
3597,KOF
3598,KOP
3599,KOPN
3600,KOR
3601,KOREF
3602,KOS
3603,KOSS
3604,KOVR
3605,KPTI
3606,KR
3607,KRA
3608,KRBP
3609,KRC
3610,KREF
3611,KRG
3612,KRKNF
3613,KRKR
3614,KRMD
3615,KRNLU
3616,KRNT
3617,KRNY
3618,KRO
3619,KRON
3620,KROS
3621,KRP
3622,KRRGF
3623,KRTX
3624,KRUS
3625,KRYS
3626,KSHB
3627,KSMT
3628,KSMTU
3629,KSPN
3630,KSS
3631,KSU
3632,KT
3633,KTB
3634,KTCC
3635,KTEL
3636,KTGDF
3637,KTHN
3638,KTOS
3639,KTRA
3640,KTYB
3641,KUKE
3642,KULR
3643,KURA
3644,KVHI
3645,KW
3646,KWAC-UN
3647,KWEMF
3648,KWR
3649,KXIN
3650,KYMR
3651,KZIA
3652,KZR
3653,L
3654,LABP
3655,LAC
3656,LACQ
3657,LACQU
3658,LAD
3659,LADR
3660,LAIX
3661,LAKE
3662,LAMR
3663,LANC
3664,LAND
3665,LARK
3666,LASR
3667,LATN
3668,LATNU
3669,LAUR
3670,LAWS
3671,LAZ
3672,LAZR
3673,LAZY
3674,LB
3675,LBAI
3676,LBC
3677,LBCMF
3678,LBRDA
3679,LBRDB
3680,LBRDK
3681,LBRT
3682,LBTYA
3683,LBTYB
3684,LBTYK
3685,LBUY
3686,LBYE
3687,LC
3688,LCAP
3689,LCAPU
3690,LCHD
3691,LCI
3692,LCII
3693,LCNB
3694,LCTX
3695,LCUT
3696,LCY
3697,LCYAU
3698,LDL
3699,LDOS
3700,LE
3701,LEA
3702,LEAF
3703,LEAI
3704,LEAP
3705,LEAP-UN
3706,LEAT
3707,LECO
3708,LEDS
3709,LEE
3710,LEG
3711,LEGH
3712,LEGN
3713,LEGOU
3714,LEJU
3715,LEMIF
3716,LEN
3717,LEN-B
3718,LESL
3719,LEU
3720,LEVI
3721,LEVL
3722,LEXX
3723,LFC
3724,LFGP
3725,LFT
3726,LFTR
3727,LFTRU
3728,LFUS
3729,LFVN
3730,LGACU
3731,LGF-A
3732,LGF-B
3733,LGHL
3734,LGIH
3735,LGIQ
3736,LGL
3737,LGND
3738,LGORF
3739,LGVW
3740,LGVW-UN
3741,LH
3742,LHCG
3743,LHC-UN
3744,LHDX
3745,LHRP
3746,LHSIF
3747,LHX
3748,LI
3749,LIACF
3750,LIFE
3751,LII
3752,LILA
3753,LILAK
3754,LIN
3755,LINC
3756,LIND
3757,LINX
3758,LIQT
3759,LITB
3760,LITE
3761,LIVC
3762,LIVE
3763,LIVK
3764,LIVKU
3765,LIVN
3766,LIVX
3767,LIXT
3768,LIZI
3769,LJAQU
3770,LJPC
3771,LKCO
3772,LKFN
3773,LKQ
3774,LL
3775,LLIT
3776,LLNW
3777,LLY
3778,LMACU
3779,LMAOU
3780,LMAT
3781,LMB
3782,LMFA
3783,LMGDF
3784,LMND
3785,LMNL
3786,LMNR
3787,LMNX
3788,LMPX
3789,LMRK
3790,LMRMF
3791,LMSQF
3792,LMST
3793,LMT
3794,LN
3795,LNC
3796,LND
3797,LNDC
3798,LNFA
3799,LNFA-UN
3800,LNG
3801,LNN
3802,LNSR
3803,LNT
3804,LNTH
3805,LOAC
3806,LOACU
3807,LOAN
3808,LOB
3809,LOCO
3810,LODE
3811,LOGC
3812,LOGI
3813,LOKB
3814,LOKB-UN
3815,LOMA
3816,LOMLF
3817,LONCF
3818,LOOP
3819,LOPE
3820,LORL
3821,LOTZ
3822,LOV
3823,LOVE
3824,LOVFF
3825,LOW
3826,LPCN
3827,LPG
3828,LPI
3829,LPL
3830,LPLA
3831,LPRO
3832,LPSIF
3833,LPSN
3834,LPTH
3835,LPTX
3836,LPX
3837,LQDA
3838,LQDT
3839,LQMT
3840,LRCX
3841,LRMR
3842,LRN
3843,LSAQ
3844,LSBK
3845,LSCC
3846,LSEA
3847,LSF
3848,LSI
3849,LSPD
3850,LSTR
3851,LSXMA
3852,LSXMB
3853,LSXMK
3854,LSYN
3855,LTBR
3856,LTC
3857,LTHM
3858,LTRN
3859,LTRPA
3860,LTRPB
3861,LTRX
3862,LTUM
3863,LU
3864,LUB
3865,LULU
3866,LUMIF
3867,LUMN
3868,LUMO
3869,LUNA
3870,LUNG
3871,LUV
3872,LUXA
3873,LUXAU
3874,LVCLY
3875,LVCNF
3876,LVLV
3877,LVRLF
3878,LVS
3879,LW
3880,LWACU
3881,LWAY
3882,LWLG
3883,LX
3884,LXEH
3885,LXFR
3886,LXP
3887,LXRX
3888,LXU
3889,LXXGF
3890,LYB
3891,LYBC
3892,LYFT
3893,LYG
3894,LYL
3895,LYNS
3896,LYRA
3897,LYTS
3898,LYV
3899,LZB
3900,LZRFY
3901,M
3902,MA
3903,MAA
3904,MAAC
3905,MAACU
3906,MAC
3907,MACE
3908,MACK
3909,MACU
3910,MACUU
3911,MAG
3912,MAGS
3913,MAIFF
3914,MAIN
3915,MAKOF
3916,MAKSY
3917,MAN
3918,MANH
3919,MANT
3920,MANU
3921,MAOMF
3922,MAR
3923,MARA
3924,MARK
3925,MARPS
3926,MAS
3927,MASI
3928,MASS
3929,MAT
3930,MATN
3931,MATW
3932,MATX
3933,MAX
3934,MAXN
3935,MAXR
3936,MAYS
3937,MBAIF
3938,MBAY
3939,MBCN
3940,MBI
3941,MBII
3942,MBIN
3943,MBIO
3944,MBOT
3945,MBRX
3946,MBT
3947,MBUU
3948,MBWM
3949,MBXBF
3950,MC
3951,MCADU
3952,MCB
3953,MCBC
3954,MCBI
3955,MCBS
3956,MCD
3957,MCF
3958,MCFE
3959,MCFT
3960,MCHP
3961,MCHX
3962,MCK
3963,MCLDF
3964,MCMJ
3965,MCO
3966,MCRB
3967,MCRI
3968,MCS
3969,MCY
3970,MCZAF
3971,MD
3972,MDB
3973,MDC
3974,MDCA
3975,MDGL
3976,MDGS
3977,MDH-UN
3978,MDIA
3979,MDJH
3980,MDLA
3981,MDLY
3982,MDLZ
3983,MDNA
3984,MDP
3985,MDRPD
3986,MDRR
3987,MDRX
3988,MDT
3989,MDU
3990,MDVL
3991,MDWD
3992,MDWT
3993,MDXG
3994,MDXL
3995,MEC
3996,MED
3997,MEDIF
3998,MEDP
3999,MEDS
4000,MEDXF
4001,MEEC
4002,MEG
4003,MEI
4004,MEIP
4005,MELI
4006,MEOH
4007,MERC
4008,MESA
4009,MESO
4010,MET
4011,METC
4012,METX
4013,MEXGF
4014,MFA
4015,MFC
4016,MFG
4017,MFGP
4018,MFH
4019,MFIN
4020,MFNC
4021,MFON
4022,MG
4023,MGA
4024,MGDPF
4025,MGEE
4026,MGHCF
4027,MGI
4028,MGIC
4029,MGLN
4030,MGLQF
4031,MGM
4032,MGMLF
4033,MGNI
4034,MGNX
4035,MGP
4036,MGPHF
4037,MGPI
4038,MGRC
4039,MGTA
4040,MGTX
4041,MGWFF
4042,MGY
4043,MGYR
4044,MHCC
4045,MHGI
4046,MHGU
4047,MHH
4048,MHK
4049,MHLD
4050,MHO
4051,MHTX
4052,MIC
4053,MICR
4054,MICT
4055,MIDD
4056,MIK
4057,MILE
4058,MIME
4059,MIMNF
4060,MIMZF
4061,MIND
4062,MINM
4063,MIRM
4064,MIST
4065,MISVF
4066,MITI
4067,MITK
4068,MITO
4069,MITT
4070,MIT-UN
4071,MIXT
4072,MKC
4073,MKC-V
4074,MKD
4075,MKGI
4076,MKL
4077,MKSI
4078,MKTX
4079,MKTY
4080,MLAB
4081,MLAC
4082,MLACU
4083,MLCO
4084,MLGCF
4085,MLHR
4086,MLI
4087,MLKNA
4088,MLLLF
4089,MLLOF
4090,MLM
4091,MLND
4092,MLNLF
4093,MLP
4094,MLR
4095,MLRKF
4096,MLRUY
4097,MLSS
4098,MLVF
4099,MLYF
4100,MMAC
4101,MMC
4102,MMEDF
4103,MMI
4104,MMIO
4105,MMJFF
4106,MMLP
4107,MMM
4108,MMMB
4109,MMND
4110,MMNFF
4111,MMNGF
4112,MMP
4113,MMRGF
4114,MMS
4115,MMSDF
4116,MMSI
4117,MMTIF
4118,MMTV
4119,MMX
4120,MMYT
4121,MN
4122,MNAT
4123,MNBP
4124,MNDJF
4125,MNDO
4126,MNKD
4127,MNMB
4128,MNOV
4129,MNPR
4130,MNR
4131,MNRL
4132,MNRLF
4133,MNRO
4134,MNSB
4135,MNSO
4136,MNST
4137,MNTK
4138,MNTR
4139,MNTX
4140,MNZO
4141,MO
4142,MOBQ
4143,MOD
4144,MODC
4145,MODN
4146,MODV
4147,MOFG
4148,MOG-A
4149,MOG-B
4150,MOGO
4151,MOGU
4152,MOH
4153,MOHO
4154,MOMO
4155,MONCU
4156,MOR
4157,MORF
4158,MORN
4159,MOS
4160,MOST
4161,MOSY
4162,MOTN
4163,MOTS
4164,MOTV
4165,MOTV-UN
4166,MOV
4167,MOXC
4168,MP
4169,MPAA
4170,MPB
4171,MPC
4172,MPIR
4173,MPLN
4174,MPLX
4175,MPW
4176,MPWR
4177,MPX
4178,MRAC
4179,MRACU
4180,MRAM
4181,MRBK
4182,MRC
4183,MRCC
4184,MRCY
4185,MREO
4186,MRIN
4187,MRK
4188,MRKR
4189,MRLN
4190,MRM
4191,MRMD
4192,MRNA
4193,MRNS
4194,MRO
4195,MRSN
4196,MRTN
4197,MRTX
4198,MRUS
4199,MRVFF
4200,MRVI
4201,MRVL
4202,MRZM
4203,MS
4204,MSA
4205,MSB
4206,MSBI
4207,MSC
4208,MSCI
4209,MSEX
4210,MSFT
4211,MSGE
4212,MSGM
4213,MSGN
4214,MSGS
4215,MSI
4216,MSLM
4217,MSM
4218,MSN
4219,MSON
4220,MSP
4221,MSTF
4222,MSTR
4223,MSVB
4224,MT
4225,MTA
4226,MTAC
4227,MTACU
4228,MTB
4229,MTBC
4230,MTC
4231,MTCH
4232,MTCR
4233,MTD
4234,MTDR
4235,MTEM
4236,MTENY
4237,MTEX
4238,MTG
4239,MTH
4240,MTL
4241,MTLFF
4242,MTL-P
4243,MTLS
4244,MTN
4245,MTNB
4246,MTOR
4247,MTP
4248,MTR
4249,MTRN
4250,MTRO
4251,MTRX
4252,MTSC
4253,MTSI
4254,MTSL
4255,MTW
4256,MTX
4257,MTZ
4258,MU
4259,MUDS
4260,MUDSU
4261,MUFG
4262,MUNMF
4263,MUR
4264,MUSA
4265,MUX
4266,MVBF
4267,MVIS
4268,MVLY
4269,MVO
4270,MWA
4271,MWK
4272,MWXRF
4273,MX
4274,MXC
4275,MXIM
4276,MXL
4277,MYDP
4278,MYE
4279,MYFW
4280,MYGN
4281,MYIDF
4282,MYMX
4283,MYO
4284,MYOV
4285,MYRG
4286,MYSZ
4287,MYT
4288,MYTE
4289,NAACU
4290,NAII
4291,NAK
4292,NAKD
4293,NANX
4294,NAOV
4295,NARI
4296,NASB
4297,NAT
4298,NATH
4299,NATI
4300,NATR
4301,NATUF
4302,NAUH
4303,NAV
4304,NAVB
4305,NAVI
4306,NBA
4307,NBAC
4308,NBACU
4309,NBA-UN
4310,NBDR
4311,NBEV
4312,NBHC
4313,NBIX
4314,NBLX
4315,NBN
4316,NBR
4317,NBRV
4318,NBSE
4319,NBTB
4320,NBTX
4321,NBY
4322,NC
4323,NCAP
4324,NCAUF
4325,NCBS
4326,NCLH
4327,NCMI
4328,NCNA
4329,NCNO
4330,NCPCF
4331,NCR
4332,NCSM
4333,NCTW
4334,NCTY
4335,NDAQ
4336,NDDG
4337,NDENF
4338,NDLS
4339,NDRA
4340,NDSN
4341,NDVAF
4342,NDVN
4343,NEBC
4344,NEBCU
4345,NEE
4346,NEE-PO
4347,NEE-PP
4348,NEE-PQ
4349,NEM
4350,NEN
4351,NEO
4352,NEOG
4353,NEON
4354,NEOS
4355,NEP
4356,NEPH
4357,NEPT
4358,NERV
4359,NES
4360,NESR
4361,NET
4362,NETE
4363,NETI
4364,NEU
4365,NEW
4366,NEWA
4367,NEWR
4368,NEWT
4369,NEX
4370,NEXA
4371,NEXCF
4372,NEXI
4373,NEXT
4374,NFBK
4375,NFE
4376,NFG
4377,NFH
4378,NFLX
4379,NG
4380,NGA
4381,NGAB-UN
4382,NGAC
4383,NGACU
4384,NGA-UN
4385,NGBL
4386,NGD
4387,NGENF
4388,NGG
4389,NGL
4390,NGLOY
4391,NGM
4392,NGMS
4393,NGPHF
4394,NGS
4395,NGVC
4396,NGVT
4397,NH
4398,NHC
4399,NHEL
4400,NHI
4401,NHIC
4402,NHICU
4403,NHLD
4404,NHTC
4405,NHYDY
4406,NHYKF
4407,NI
4408,NICE
4409,NICK
4410,NIDB
4411,NIKLF
4412,NINE
4413,NIO
4414,NIOBF
4415,NISN
4416,NISQY
4417,NIU
4418,NJMC
4419,NJR
4420,NK
4421,NKE
4422,NKLA
4423,NKOSF
4424,NKSH
4425,NKTR
4426,NKTX
4427,NL
4428,NLOK
4429,NLS
4430,NLSN
4431,NLSP
4432,NLST
4433,NLTX
4434,NLY
4435,NM
4436,NMCI
4437,NMFC
4438,NMGRF
4439,NMGX
4440,NMIH
4441,NMM
4442,NMMC
4443,NMMCU
4444,NMR
4445,NMRD
4446,NMRK
4447,NMTC
4448,NMTLF
4449,NMTR
4450,NNA
4451,NNBR
4452,NNDM
4453,NNFC
4454,NNI
4455,NNN
4456,NNOX
4457,NNVC
4458,NNXPF
4459,NOA
4460,NOAC
4461,NOACU
4462,NOAH
4463,NOBH
4464,NOC
4465,NOCSF
4466,NODK
4467,NOG
4468,NOK
4469,NOMD
4470,NORZF
4471,NOV
4472,NOVA
4473,NOVN
4474,NOVRF
4475,NOVT
4476,NOW
4477,NP
4478,NPA
4479,NPAUU
4480,NPDCF
4481,NPK
4482,NPO
4483,NPTN
4484,NPTX
4485,NR
4486,NRACU
4487,NRBO
4488,NRC
4489,NREF
4490,NRG
4491,NRGMF
4492,NRGOF
4493,NRIM
4494,NRIS
4495,NRIX
4496,NROM
4497,NRP
4498,NRT
4499,NRVTF
4500,NRWS
4501,NRXCF
4502,NRZ
4503,NS
4504,NSA
4505,NSC
4506,NSCIF
4507,NSCO
4508,NSEC
4509,NSEO
4510,NSFDF
4511,NSH
4512,NSH-UN
4513,NSIT
4514,NSMSF
4515,NSP
4516,NSPR
4517,NSRCF
4518,NSRPF
4519,NSRXF
4520,NSSC
4521,NSTB-UN
4522,NSTG
4523,NSUPF
4524,NSYS
4525,NTAP
4526,NTB
4527,NTCO
4528,NTCT
4529,NTEC
4530,NTES
4531,NTGR
4532,NTGSF
4533,NTHD
4534,NTIC
4535,NTIP
4536,NTLA
4537,NTN
4538,NTNX
4539,NTP
4540,NTR
4541,NTRA
4542,NTRB
4543,NTRS
4544,NTSFF
4545,NTST
4546,NTTHF
4547,NTUR
4548,NTUS
4549,NTWK
4550,NTZ
4551,NUAN
4552,NUE
4553,NULGF
4554,NUPMF
4555,NURO
4556,NUS
4557,NUVA
4558,NUVR
4559,NUZE
4560,NVAX
4561,NVCN
4562,NVCR
4563,NVDA
4564,NVDEF
4565,NVEC
4566,NVEE
4567,NVFY
4568,NVGS
4569,NVIV
4570,NVMI
4571,NVO
4572,NVOSD
4573,NVR
4574,NVRO
4575,NVS
4576,NVSKL
4577,NVST
4578,NVT
4579,NVTA
4580,NWBD
4581,NWBI
4582,NWBO
4583,NWE
4584,NWFL
4585,NWG
4586,NWGN
4587,NWHM
4588,NWL
4589,NWLI
4590,NWN
4591,NWOL
4592,NWPX
4593,NWS
4594,NWSA
4595,NWYF
4596,NWYU
4597,NX
4598,NXE
4599,NXEN
4600,NXGN
4601,NXGWF
4602,NXOPF
4603,NXPI
4604,NXRA
4605,NXRT
4606,NXST
4607,NXTC
4608,NXTD
4609,NXTTF
4610,NXU-UN
4611,NYC
4612,NYCB
4613,NYCB-PU
4614,NYMT
4615,NYMX
4616,NYT
4617,O
4618,OACB
4619,OAS
4620,OBAS
4621,OBCI
4622,OBELF
4623,OBLG
4624,OBLN
4625,OBNK
4626,OBSV
4627,OC
4628,OCA
4629,OCA-UN
4630,OCAXU
4631,OCBI
4632,OCC
4633,OCDX
4634,OCFC
4635,OCFT
4636,OCG
4637,OCGN
4638,OCN
4639,OCSI
4640,OCSL
4641,OCUL
4642,OCUP
4643,OCX
4644,ODC
4645,ODFL
4646,ODP
4647,ODT
4648,OEC
4649,OEG
4650,OEPWU
4651,OESX
4652,OFC
4653,OFED
4654,OFG
4655,OFIX
4656,OFLX
4657,OFS
4658,OGCP
4659,OGE
4660,OGEN
4661,OGI
4662,OGNG
4663,OGS
4664,OHI
4665,OI
4666,OIBR-C
4667,OII
4668,OIIIF
4669,OIIM
4670,OILFF
4671,OIS
4672,OKE
4673,OKTA
4674,OLB
4675,OLED
4676,OLLI
4677,OLMA
4678,OLMM
4679,OLN
4680,OLNCF
4681,OLNK
4682,OLP
4683,OM
4684,OMAB
4685,OMC
4686,OMCL
4687,OMEG
4688,OMER
4689,OMEX
4690,OMF
4691,OMI
4692,OMP
4693,OMQS
4694,OMTK
4695,OMZNF
4696,ON
4697,ONB
4698,ONCR
4699,ONCS
4700,ONCT
4701,ONCY
4702,ONDS
4703,ONE
4704,ONEM
4705,ONEW
4706,ONTF
4707,ONTO
4708,ONTX
4709,ONVO
4710,OOIL
4711,OOMA
4712,OONEF
4713,OPBK
4714,OPCH
4715,OPEN
4716,OPGN
4717,OPHC
4718,OPHI
4719,OPI
4720,OPK
4721,OPMG
4722,OPNT
4723,OPOF
4724,OPRA
4725,OPRT
4726,OPRX
4727,OPSSF
4728,OPT
4729,OPTN
4730,OPTT
4731,OPXS
4732,OPY
4733,OR
4734,ORA
4735,ORAN
4736,ORBC
4737,ORC
4738,ORCC
4739,ORCL
4740,OREAF
4741,ORFDF
4742,ORGO
4743,ORGS
4744,ORI
4745,ORIC
4746,ORLA
4747,ORLY
4748,ORMNF
4749,ORMP
4750,ORN
4751,ORPH
4752,ORRCF
4753,ORRF
4754,ORTX
4755,ORZCF
4756,OSAT
4757,OSBC
4758,OSG
4759,OSH
4760,OSIIF
4761,OSIS
4762,OSK
4763,OSMT
4764,OSN
4765,OSPN
4766,OSS
4767,OSSIF
4768,OSTK
4769,OSTRU
4770,OSUR
4771,OSW
4772,OTCM
4773,OTEL
4774,OTEX
4775,OTIC
4776,OTIS
4777,OTIVF
4778,OTLK
4779,OTRA
4780,OTRAU
4781,OTRK
4782,OTTR
4783,OTTW
4784,OUT
4785,OVBC
4786,OVID
4787,OVLY
4788,OVTZ
4789,OVV
4790,OWPC
4791,OXBR
4792,OXFD
4793,OXM
4794,OXSQ
4795,OXY
4796,OYST
4797,OZK
4798,OZON
4799,PAA
4800,PAAS
4801,PABN
4802,PAC
4803,PACB
4804,PACE
4805,PACE-UN
4806,PACK
4807,PACW
4808,PACXU
4809,PAE
4810,PAG
4811,PAGP
4812,PAGS
4813,PAHC
4814,PAIC
4815,PAICU
4816,PALT
4817,PAM
4818,PANC
4819,PAND
4820,PANL
4821,PANW
4822,PAQCU
4823,PAR
4824,PARR
4825,PASG
4826,PATI
4827,PATK
4828,PAVM
4829,PAX
4830,PAYA
4831,PAYC
4832,PAYS
4833,PAYX
4834,PB
4835,PBA
4836,PBAM
4837,PBCT
4838,PBF
4839,PBFS
4840,PBFX
4841,PBH
4842,PBHC
4843,PBI
4844,PBIO
4845,PBIP
4846,PBLA
4847,PBNK
4848,PBPB
4849,PBR
4850,PBR-A
4851,PBSV
4852,PBT
4853,PBTS
4854,PBYI
4855,PCAR
4856,PCB
4857,PCG
4858,PCGU
4859,PCH
4860,PCOM
4861,PCPC
4862,PCPC-UN
4863,PCRCF
4864,PCRX
4865,PCSA
4866,PCSB
4867,PCTI
4868,PCTY
4869,PCVX
4870,PCYG
4871,PCYO
4872,PD
4873,PDAC
4874,PDAC-UN
4875,PDCE
4876,PDCO
4877,PDD
4878,PDEX
4879,PDFS
4880,PDLB
4881,PDM
4882,PDPTF
4883,PDS
4884,PDSB
4885,PEAK
4886,PEB
4887,PEBK
4888,PEBO
4889,PED
4890,PEG
4891,PEGA
4892,PEI
4893,PEMIF
4894,PEMTF
4895,PEN
4896,PENN
4897,PEP
4898,PERI
4899,PESI
4900,PETQ
4901,PETS
4902,PETV
4903,PETZ
4904,PEYE
4905,PFBC
4906,PFBI
4907,PFBX
4908,PFC
4909,PFE
4910,PFG
4911,PFGC
4912,PFHD
4913,PFHO
4914,PFIE
4915,PFIN
4916,PFIS
4917,PFLC
4918,PFLT
4919,PFMT
4920,PFPT
4921,PFS
4922,PFSI
4923,PFSW
4924,PFX
4925,PG
4926,PGC
4927,PGEN
4928,PGEZF
4929,PGFY
4930,PGGG
4931,PGIE
4932,PGNY
4933,PGOL
4934,PGPM
4935,PGR
4936,PGRE
4937,PGRWU
4938,PGTI
4939,PGTK
4940,PGYC
4941,PH
4942,PHAR
4943,PHAS
4944,PHAT
4945,PHCF
4946,PHG
4947,PHGE
4948,PHGE-UN
4949,PHI
4950,PHIC
4951,PHICU
4952,PHIO
4953,PHM
4954,PHMB
4955,PHOT
4956,PHR
4957,PHSL
4958,PHUN
4959,PHVS
4960,PHX
4961,PI
4962,PIAI
4963,PIAI-UN
4964,PICC-UN
4965,PICO
4966,PII
4967,PINC
4968,PINE
4969,PING
4970,PINS
4971,PIPI
4972,PIPP
4973,PIPP-UN
4974,PIPR
4975,PIRS
4976,PIXY
4977,PJT
4978,PK
4979,PKBK
4980,PKE
4981,PKG
4982,PKI
4983,PKKFF
4984,PKKW
4985,PKLBF
4986,PKOH
4987,PKTX
4988,PKX
4989,PLAB
4990,PLAG
4991,PLAN
4992,PLAY
4993,PLBC
4994,PLBN
4995,PLBY
4996,PLCE
4997,PLD
4998,PLG
4999,PLGNF
5000,PLIN
5001,PLL
5002,PLM
5003,PLMR
5004,PLNHF
5005,PLNT
5006,PLOW
5007,PLPC
5008,PLPRF
5009,PLRTF
5010,PLRX
5011,PLSB
5012,PLSDF
5013,PLSE
5014,PLT
5015,PLTK
5016,PLTR
5017,PLUG
5018,PLUS
5019,PLUUF
5020,PLX
5021,PLXP
5022,PLXS
5023,PLYA
5024,PLYM
5025,PM
5026,PMAH
5027,PMBC
5028,PMCB
5029,PMCCF
5030,PMD
5031,PMDP
5032,PME
5033,PMGMU
5034,PMHG
5035,PMT
5036,PMTS
5037,PMVC
5038,PMVC-UN
5039,PMVP
5040,PMXX
5041,PNBK
5042,PNC
5043,PNDHF
5044,PNFP
5045,PNGB
5046,PNM
5047,PNNT
5048,PNPL
5049,PNR
5050,PNRG
5051,PNTG
5052,PNTM-UN
5053,PNW
5054,PNXLF
5055,PNYTF
5056,POAI
5057,PODD
5058,POETF
5059,POLA
5060,POLR
5061,POOL
5062,POOSF
5063,POR
5064,POSH
5065,POST
5066,POWI
5067,POWL
5068,POWRU
5069,POWW
5070,PPBI
5071,PPBN
5072,PPBT
5073,PPC
5074,PPCB
5075,PPD
5076,PPG
5077,PPGHU
5078,PPHI
5079,PPIH
5080,PPL
5081,PPMH
5082,PPSI
5083,PQG
5084,PRA
5085,PRAA
5086,PRAH
5087,PRAX
5088,PRCH
5089,PRDO
5090,PRED
5091,PREGF
5092,PREIF
5093,PRFT
5094,PRFX
5095,PRG
5096,PRGO
5097,PRGS
5098,PRGX
5099,PRHB
5100,PRI
5101,PRIM
5102,PRK
5103,PRKR
5104,PRLB
5105,PRLD
5106,PRLX
5107,PRMNF
5108,PRMW
5109,PRO
5110,PROBF
5111,PROF
5112,PROG
5113,PROS
5114,PROV
5115,PRPB
5116,PRPB-UN
5117,PRPC-UN
5118,PRPH
5119,PRPL
5120,PRPO
5121,PRQR
5122,PRSP
5123,PRSRU
5124,PRT
5125,PRTA
5126,PRTC
5127,PRTH
5128,PRTK
5129,PRTS
5130,PRTX
5131,PRTY
5132,PRU
5133,PRVB
5134,PS
5135,PSA
5136,PSAC
5137,PSACU
5138,PSB
5139,PSBQ
5140,PSEC
5141,PSHG
5142,PSHIF
5143,PSIQ
5144,PSMT
5145,PSN
5146,PSNL
5147,PSO
5148,PSTG
5149,PSTH
5150,PSTI
5151,PSTL
5152,PSTV
5153,PSTX
5154,PSX
5155,PSXP
5156,PSYCF
5157,PT
5158,PTC
5159,PTCT
5160,PTE
5161,PTEN
5162,PTGX
5163,PTIC
5164,PTICU
5165,PTIX
5166,PTK
5167,PTK-UN
5168,PTMN
5169,PTN
5170,PTNR
5171,PTNYF
5172,PTON
5173,PTPF
5174,PTPI
5175,PTQQF
5176,PTR
5177,PTRS
5178,PTRUF
5179,PTSI
5180,PTTL
5181,PTVCA
5182,PTVCB
5183,PTVE
5184,PUBC
5185,PUBGY
5186,PUBM
5187,PUCCF
5188,PUCKU
5189,PUDA
5190,PUK
5191,PULM
5192,PUMP
5193,PURE
5194,PUYI
5195,PVAC
5196,PVBC
5197,PVCT
5198,PVG
5199,PVH
5200,PVL
5201,PV-UN
5202,PW
5203,PWCO
5204,PWFL
5205,PWNX
5206,PWOD
5207,PWR
5208,PWVI
5209,PWWBF
5210,PXD
5211,PXLW
5212,PXS
5213,PYPD
5214,PYPL
5215,PYRNF
5216,PZG
5217,PZN
5218,PZZA
5219,QADA
5220,QADB
5221,QBIO
5222,QCOM
5223,QCRH
5224,QD
5225,QDEL
5226,QDMI
5227,QDROF
5228,QELL
5229,QELLU
5230,QEP
5231,QFIN
5232,QFTA-UN
5233,QGEN
5234,QGLDF
5235,QGSI
5236,QH
5237,QIWI
5238,QK
5239,QLGN
5240,QLI
5241,QLYS
5242,QMCI
5243,QMCO
5244,QMED
5245,QNST
5246,QNTO
5247,QRHC
5248,QRON
5249,QRTEA
5250,QRTEB
5251,QRVO
5252,QS
5253,QSAM
5254,QSR
5255,QTNT
5256,QTRHF
5257,QTRRF
5258,QTRX
5259,QTS
5260,QTT
5261,QTWO
5262,QUAD
5263,QUBT
5264,QUIK
5265,QUMU
5266,QUOT
5267,QURE
5268,QYOUF
5269,R
5270,RAAC
5271,RAACU
5272,RAAS
5273,RACA
5274,RACE
5275,RACMF
5276,RAD
5277,RADA
5278,RADI
5279,RAIL
5280,RAMP
5281,RAND
5282,RAPT
5283,RARE
5284,RASP
5285,RAVE
5286,RAVN
5287,RBA
5288,RBAC
5289,RBAC-UN
5290,RBB
5291,RBBN
5292,RBC
5293,RBCAA
5294,RBCN
5295,RBII
5296,RBKB
5297,RBNC
5298,RC
5299,RCAT
5300,RCEL
5301,RCHG
5302,RCHGU
5303,RCI
5304,RCII
5305,RCKT
5306,RCKY
5307,RCL
5308,RCM
5309,RCMT
5310,RCON
5311,RCRT
5312,RCUS
5313,RDCM
5314,RDFN
5315,RDGL
5316,RDHL
5317,RDI
5318,RDIB
5319,RDN
5320,RDNT
5321,RDS-A
5322,RDS-B
5323,RDSMY
5324,RDUS
5325,RDVT
5326,RDWR
5327,RDY
5328,RE
5329,REAL
5330,REAXF
5331,RECAF
5332,REDU
5333,REED
5334,REEMF
5335,REFR
5336,REG
5337,REGI
5338,REGN
5339,REI
5340,REKR
5341,RELEY
5342,RELI
5343,RELL
5344,RELX
5345,RENN
5346,REPH
5347,REPL
5348,REPYY
5349,RES
5350,RESN
5351,RETA
5352,RETO
5353,REV
5354,REVG
5355,REX
5356,REXR
5357,REYN
5358,REZI
5359,REZZF
5360,RF
5361,RFIL
5362,RFL
5363,RFMK
5364,RFP
5365,RGA
5366,RGCO
5367,RGCTF
5368,RGEN
5369,RGLD
5370,RGLS
5371,RGLSF
5372,RGNX
5373,RGP
5374,RGR
5375,RGRX
5376,RGS
5377,RH
5378,RHE
5379,RHHBF
5380,RHHBY
5381,RHI
5382,RHP
5383,RHWI
5384,RIBT
5385,RICE
5386,RICE-UN
5387,RICK
5388,RIDE
5389,RIG
5390,RIGL
5391,RIII
5392,RIINF
5393,RILY
5394,RIO
5395,RIOFF
5396,RIOT
5397,RIVE
5398,RIVX
5399,RJF
5400,RKDA
5401,RKFL
5402,RKMSF
5403,RKT
5404,RKTE
5405,RL
5406,RLAY
5407,RLGT
5408,RLGY
5409,RLH
5410,RLI
5411,RLJ
5412,RLMD
5413,RLX
5414,RM
5415,RMAX
5416,RMBI
5417,RMBL
5418,RMBS
5419,RMCF
5420,RMD
5421,RMED
5422,RMGB
5423,RMGBU
5424,RMGCU
5425,RMNI
5426,RMO
5427,RMR
5428,RMTI
5429,RMTN
5430,RNA
5431,RNBI
5432,RNDB
5433,RNET
5434,RNG
5435,RNGR
5436,RNLX
5437,RNR
5438,RNSFF
5439,RNST
5440,RNWK
5441,ROAD
5442,ROCC
5443,ROCCU
5444,ROCH
5445,ROCHU
5446,ROCK
5447,ROG
5448,ROGFF
5449,ROIC
5450,ROIUF
5451,ROK
5452,ROKU
5453,ROL
5454,ROLL
5455,ROMJF
5456,ROOT
5457,ROP
5458,ROST
5459,ROSYY
5460,ROT-UN
5461,ROYL
5462,RP
5463,RPAI
5464,RPAY
5465,RPD
5466,RPDT
5467,RPLA
5468,RPLA-UN
5469,RPM
5470,RPMT
5471,RPRX
5472,RPT
5473,RPTX
5474,RRBI
5475,RRC
5476,RRD
5477,RRGB
5478,RRIC
5479,RRIF
5480,RRR
5481,RS
5482,RSASF
5483,RSG
5484,RSHYY
5485,RSI
5486,RSLS
5487,RSNVF
5488,RSSFF
5489,RSSS
5490,RSSV
5491,RSTN
5492,RSVA
5493,RSVAU
5494,RTLR
5495,RTP
5496,RTP-UN
5497,RTPZ
5498,RTPZ-UN
5499,RTX
5500,RUBY
5501,RUHN
5502,RUN
5503,RUSHA
5504,RUSHB
5505,RUTH
5506,RVI
5507,RVLGF
5508,RVLV
5509,RVMD
5510,RVNC
5511,RVNG
5512,RVP
5513,RVPH
5514,RVSB
5515,RVSDF
5516,RWLK
5517,RWT
5518,RXN
5519,RXT
5520,RY
5521,RYAAY
5522,RYAM
5523,RYB
5524,RYES
5525,RYFL
5526,RYI
5527,RYMDF
5528,RYN
5529,RYPE
5530,RYTM
5531,RZLT
5532,SA
5533,SABK
5534,SABR
5535,SACH
5536,SAFE
5537,SAFM
5538,SAFT
5539,SAGE
5540,SAH
5541,SAIA
5542,SAIC
5543,SAII
5544,SAIIU
5545,SAIL
5546,SAL
5547,SALM
5548,SAM
5549,SAMG
5550,SAN
5551,SANA
5552,SAND
5553,SANM
5554,SANW
5555,SAP
5556,SAR
5557,SASR
5558,SATS
5559,SAVA
5560,SAVE
5561,SB
5562,SBAC
5563,SBBP
5564,SBCF
5565,SBE
5566,SBE-UN
5567,SBEV
5568,SBFG
5569,SBG
5570,SBGI
5571,SBG-UN
5572,SBH
5573,SBKK
5574,SBLK
5575,SBLRF
5576,SBNY
5577,SBOW
5578,SBR
5579,SBRA
5580,SBS
5581,SBSI
5582,SBSW
5583,SBT
5584,SBTX
5585,SBUX
5586,SC
5587,SCCO
5588,SCHL
5589,SCHN
5590,SCHW
5591,SCI
5592,SCIA
5593,SCKT
5594,SCL
5595,SCM
5596,SCND
5597,SCOA
5598,SCOAU
5599,SCOBU
5600,SCON
5601,SCOR
5602,SCPE
5603,SCPE-UN
5604,SCPH
5605,SCPL
5606,SCPS
5607,SCPT
5608,SCS
5609,SCSC
5610,SCU
5611,SCVL
5612,SCVX
5613,SCVX-UN
5614,SCWX
5615,SCX
5616,SCYX
5617,SD
5618,SDACU
5619,SDC
5620,SDGR
5621,SDH
5622,SDPI
5623,SDRLF
5624,SE
5625,SEAC
5626,SEAH
5627,SEAH-UN
5628,SEAS
5629,SEB
5630,SECI
5631,SECO
5632,SEDG
5633,SEE
5634,SEED
5635,SEEL
5636,SEER
5637,SEIC
5638,SEII
5639,SELB
5640,SELF
5641,SEM
5642,SENEA
5643,SENEB
5644,SENR
5645,SENS
5646,SEOVF
5647,SESN
5648,SF
5649,SFBC
5650,SFBS
5651,SFE
5652,SFET
5653,SFIX
5654,SFL
5655,SFM
5656,SFNC
5657,SFST
5658,SFT
5659,SFTW
5660,SFTW-UN
5661,SFUN
5662,SG
5663,SGA
5664,SGAM
5665,SGAMU
5666,SGBI
5667,SGBP
5668,SGBX
5669,SGC
5670,SGEN
5671,SGFY
5672,SGGTF
5673,SGH
5674,SGLB
5675,SGLN
5676,SGLS
5677,SGMA
5678,SGMLF
5679,SGMO
5680,SGMS
5681,SGOC
5682,SGRP
5683,SGRY
5684,SGSI
5685,SGSVF
5686,SGTX
5687,SGU
5688,SHACU
5689,SHAK
5690,SHBI
5691,SHC
5692,SHEN
5693,SHG
5694,SHI
5695,SHIP
5696,SHLS
5697,SHLX
5698,SHMP
5699,SHO
5700,SHOO
5701,SHOP
5702,SHRG
5703,SHSP
5704,SHW
5705,SHWZ
5706,SHYF
5707,SI
5708,SIBN
5709,SIC
5710,SICNF
5711,SID
5712,SIDGQ
5713,SIEB
5714,SIEN
5715,SIF
5716,SIFY
5717,SIG
5718,SIGA
5719,SIGI
5720,SII
5721,SILC
5722,SILEF
5723,SILK
5724,SILO
5725,SILV
5726,SIM
5727,SIMO
5728,SIMP
5729,SINA
5730,SINO
5731,SINT
5732,SIOCF
5733,SIOX
5734,SIRI
5735,SITC
5736,SITE
5737,SITM
5738,SIVB
5739,SIX
5740,SJ
5741,SJI
5742,SJIU
5743,SJM
5744,SJR
5745,SJT
5746,SJW
5747,SKAS
5748,SKGO
5749,SKKY
5750,SKLZ
5751,SKM
5752,SKREF
5753,SKT
5754,SKTO
5755,SKVI
5756,SKX
5757,SKY
5758,SKYE
5759,SKYW
5760,SLAB
5761,SLAC-UN
5762,SLB
5763,SLCA
5764,SLCO
5765,SLCRU
5766,SLCT
5767,SLDB
5768,SLF
5769,SLG
5770,SLGG
5771,SLGL
5772,SLGN
5773,SLGWF
5774,SLM
5775,SLN
5776,SLNG
5777,SLNO
5778,SLP
5779,SLQT
5780,SLRC
5781,SLRX
5782,SLS
5783,SLSDF
5784,SLSSF
5785,SLTZ
5786,SLVRF
5787,SLVTF
5788,SM
5789,SMAR
5790,SMAS
5791,SMBC
5792,SMBK
5793,SMCI
5794,SMDM
5795,SMED
5796,SMFG
5797,SMG
5798,SMGI
5799,SMHI
5800,SMID
5801,SMIT
5802,SMLP
5803,SMLR
5804,SMME
5805,SMMF
5806,SMMT
5807,SMP
5808,SMPL
5809,SMSI
5810,SMTC
5811,SMTI
5812,SMTS
5813,SMTX
5814,SMVE
5815,SMXMF
5816,SNA
5817,SNANF
5818,SNAP
5819,SNBR
5820,SNCA
5821,SNCR
5822,SND
5823,SNDE
5824,SNDL
5825,SNDR
5826,SNDX
5827,SNE
5828,SNES
5829,SNEX
5830,SNFCA
5831,SNGX
5832,SNMP
5833,SNN
5834,SNOA
5835,SNOW
5836,SNP
5837,SNPR
5838,SNPR-UN
5839,SNPS
5840,SNPX
5841,SNR
5842,SNRH
5843,SNRHU
5844,SNRR
5845,SNSE
5846,SNSS
5847,SNV
5848,SNWV
5849,SNX
5850,SNY
5851,SO
5852,SOAC
5853,SOBR
5854,SOGO
5855,SOHO
5856,SOHU
5857,SOI
5858,SOIS
5859,SOL
5860,SOLN
5861,SOLO
5862,SOLU
5863,SOLVY
5864,SOLY
5865,SON
5866,SONA
5867,SONM
5868,SONN
5869,SONO
5870,SOPV
5871,SOS
5872,SOTK
5873,SOUPQ
5874,SOWG
5875,SOYO
5876,SP
5877,SPAQ-UN
5878,SPB
5879,SPCB
5880,SPCE
5881,SPFI
5882,SPFR
5883,SPFR-UN
5884,SPG
5885,SPGI
5886,SPH
5887,SPHRY
5888,SPI
5889,SPIN
5890,SPKE
5891,SPLK
5892,SPLP
5893,SPNE
5894,SPNS
5895,SPNV
5896,SPNV-UN
5897,SPOK
5898,SPOT
5899,SPPI
5900,SPR
5901,SPRB
5902,SPRO
5903,SPRQ
5904,SPRQ-UN
5905,SPRT
5906,SPRWF
5907,SPSC
5908,SPT
5909,SPTN
5910,SPWH
5911,SPWR
5912,SPXC
5913,SQ
5914,SQBG
5915,SQFT
5916,SQIDF
5917,SQM
5918,SQNS
5919,SQZ
5920,SR
5921,SRAC
5922,SRACU
5923,SRAFF
5924,SRAX
5925,SRC
5926,SRCE
5927,SRCL
5928,SRDX
5929,SRE
5930,SREV
5931,SRG
5932,SRGA
5933,SRGZ
5934,SRI
5935,SRL
5936,SRLP
5937,SRLZF
5938,SRNA
5939,SRNE
5940,SROYF
5941,SRPT
5942,SRPX
5943,SRRA
5944,SRRK
5945,SRSA
5946,SRSAU
5947,SRT
5948,SRTS
5949,SRUTF
5950,SSAAU
5951,SSB
5952,SSBI
5953,SSD
5954,SSFT
5955,SSKN
5956,SSL
5957,SSNC
5958,SSNHZ
5959,SSNT
5960,SSP
5961,SSPK
5962,SSPKU
5963,SSRM
5964,SSSS
5965,SSTI
5966,SSTK
5967,SSVFF
5968,SSY
5969,SSYS
5970,ST
5971,STAA
5972,STAF
5973,STAG
5974,STAR
5975,STAY
5976,STBA
5977,STBI
5978,STC
5979,STCB
5980,STCN
5981,STE
5982,STEP
5983,STFC
5984,STG
5985,STHI
5986,STIC
5987,STIC-UN
5988,STIM
5989,STKL
5990,STKS
5991,STKXF
5992,STL
5993,STLA
5994,STLD
5995,STLHF
5996,STLY
5997,STM
5998,STMH
5999,STMP
6000,STN
6001,STND
6002,STNE
6003,STNG
6004,STOK
6005,STON
6006,STOR
6007,STPC-UN
6008,STPK
6009,STPK-UN
6010,STRA
6011,STRL
6012,STRM
6013,STRO
6014,STRR
6015,STRS
6016,STRT
6017,STSA
6018,STSBF
6019,STT
6020,STTK
6021,STWD
6022,STWO
6023,STWOU
6024,STWRY
6025,STX
6026,STXB
6027,STXMF
6028,STXS
6029,STYS
6030,STZ
6031,STZ-B
6032,SU
6033,SUI
6034,SUM
6035,SUME
6036,SUMO
6037,SUMR
6038,SUN
6039,SUND
6040,SUNR
6041,SUNS
6042,SUNW
6043,SUP
6044,SUPN
6045,SUPV
6046,SURF
6047,SURG
6048,SUZ
6049,SV
6050,SVA
6051,SVAC
6052,SVACU
6053,SVBI
6054,SVBL
6055,SVC
6056,SVFA
6057,SVFAU
6058,SVM
6059,SVMK
6060,SVOK
6061,SVOKU
6062,SVRA
6063,SVSE
6064,SVSVU
6065,SVT
6066,SVTLQ
6067,SVXA
6068,SWAV
6069,SWBI
6070,SWBK-UN
6071,SWCC
6072,SWCH
6073,SWETU
6074,SWI
6075,SWIR
6076,SWK
6077,SWKH
6078,SWKS
6079,SWM
6080,SWN
6081,SWT
6082,SWTX
6083,SWX
6084,SXC
6085,SXI
6086,SXT
6087,SXTC
6088,SY
6089,SYBRQ
6090,SYBT
6091,SYBX
6092,SYF
6093,SYHBF
6094,SYK
6095,SYKE
6096,SYN
6097,SYNA
6098,SYNC
6099,SYNH
6100,SYNI
6101,SYNL
6102,SYPR
6103,SYRS
6104,SYSX
6105,SYTA
6106,SYTE
6107,SYVC
6108,SYX
6109,SYXXF
6110,SYY
6111,T
6112,TA
6113,TAALF
6114,TAC
6115,TACA
6116,TACA-UN
6117,TACO
6118,TACT
6119,TAIT
6120,TAK
6121,TAKOF
6122,TAL
6123,TALO
6124,TANH
6125,TAOIF
6126,TAOP
6127,TAP
6128,TAP-A
6129,TARA
6130,TARO
6131,TARS
6132,TAST
6133,TATT
6134,TATYY
6135,TAYD
6136,TBA
6137,TBACQ
6138,TBBK
6139,TBCPU
6140,TBI
6141,TBIO
6142,TBK
6143,TBLT
6144,TBLZ
6145,TBNK
6146,TBPH
6147,TBPMF
6148,TBTC
6149,TBXXF
6150,TC
6151,TCACU
6152,TCBI
6153,TCBK
6154,TCCO
6155,TCDA
6156,TCF
6157,TCFC
6158,TCI
6159,TCLRY
6160,TCMD
6161,TCNNF
6162,TCOM
6163,TCON
6164,TCP
6165,TCPC
6166,TCRR
6167,TCS
6168,TCX
6169,TD
6170,TDAC
6171,TDACU
6172,TDC
6173,TDG
6174,TDLAF
6175,TDNT
6176,TDOC
6177,TDS
6178,TDW
6179,TDY
6180,TEAM
6181,TECH
6182,TECK
6183,TECO
6184,TEDU
6185,TEF
6186,TEKI
6187,TEKK
6188,TEKKU
6189,TEL
6190,TELA
6191,TELL
6192,TEN
6193,TENB
6194,TENX
6195,TEO
6196,TER
6197,TERN
6198,TESS
6199,TEVA
6200,TEX
6201,TFC
6202,TFECY
6203,TFFP
6204,TFII
6205,TFRY
6206,TFSL
6207,TFX
6208,TG
6209,TGA
6210,TGAN
6211,TGB
6212,TGC
6213,TGCDF
6214,TGH
6215,TGHI
6216,TGI
6217,TGIFF
6218,TGLDF
6219,TGLS
6220,TGNA
6221,TGODF
6222,TGP
6223,TGRF
6224,TGS
6225,TGT
6226,TGTX
6227,TH
6228,THBR
6229,THBRU
6230,THC
6231,THCA
6232,THCAU
6233,THCB
6234,THCBF
6235,THCBU
6236,THFF
6237,THG
6238,THLT
6239,THM
6240,THMAU
6241,THMG
6242,THMO
6243,THO
6244,THR
6245,THRM
6246,THRY
6247,THS
6248,THTI
6249,THTX
6250,TIDE
6251,TIG
6252,TIGCF
6253,TIGO
6254,TIGR
6255,TIKK
6256,TILE
6257,TIMB
6258,TIMNF
6259,TINV
6260,TINV-UN
6261,TIPT
6262,TIRX
6263,TISI
6264,TITN
6265,TIXT
6266,TJBH
6267,TJX
6268,TK
6269,TKAT
6270,TKC
6271,TKCI
6272,TKGBY
6273,TKOI
6274,TKR
6275,TLC
6276,TLGA-UN
6277,TLGT
6278,TLIS
6279,TLK
6280,TLLTF
6281,TLMD
6282,TLND
6283,TLRS
6284,TLRY
6285,TLS
6286,TLSA
6287,TLTFF
6288,TLYS
6289,TM
6290,TMAC-UN
6291,TMBR
6292,TMDI
6293,TMDX
6294,TME
6295,TMEN
6296,TMHC
6297,TMKRU
6298,TMO
6299,TMP
6300,TMPM
6301,TMPMU
6302,TMQ
6303,TMRC
6304,TMRR
6305,TMST
6306,TMTS
6307,TMTSU
6308,TMUS
6309,TMX
6310,TNAV
6311,TNC
6312,TNDM
6313,TNET
6314,TNK
6315,TNP
6316,TNREF
6317,TNXP
6318,TNYBF
6319,TOBAF
6320,TOFB
6321,TOL
6322,TOMZ
6323,TOPS
6324,TOT
6325,TOUR
6326,TOWN
6327,TPAC
6328,TPB
6329,TPC
6330,TPCO
6331,TPCS
6332,TPGY
6333,TPGY-UN
6334,TPH
6335,TPHS
6336,TPIC
6337,TPL
6338,TPNI
6339,TPR
6340,TPRE
6341,TPRFF
6342,TPTW
6343,TPTX
6344,TPVG
6345,TPX
6346,TR
6347,TRBD
6348,TRBMF
6349,TRC
6350,TRCH
6351,TRCNF
6352,TREB
6353,TREB-UN
6354,TREC
6355,TREE
6356,TREVF
6357,TREX
6358,TRGP
6359,TRHC
6360,TRI
6361,TRIB
6362,TRIL
6363,TRIN
6364,TRIP
6365,TRIQ
6366,TRIT
6367,TRMB
6368,TRMD
6369,TRMK
6370,TRMT
6371,TRN
6372,TRNF
6373,TRNO
6374,TRNS
6375,TROW
6376,TROX
6377,TRP
6378,TRQ
6379,TRS
6380,TRSSF
6381,TRST
6382,TRT
6383,TRTC
6384,TRTN
6385,TRTX
6386,TRU
6387,TRUP
6388,TRV
6389,TRVG
6390,TRVI
6391,TRVN
6392,TRX
6393,TRXC
6394,TS
6395,TSBK
6396,TSC
6397,TSCDY
6398,TSCO
6399,TSE
6400,TSEM
6401,TSGZF
6402,TSHA
6403,TSIA
6404,TSIAU
6405,TSKFF
6406,TSLA
6407,TSLX
6408,TSM
6409,TSN
6410,TSQ
6411,TSRI
6412,TSRMF
6413,TSSI
6414,TSYI
6415,TT
6416,TTC
6417,TTCF
6418,TTD
6419,TTEC
6420,TTEK
6421,TTGT
6422,TTI
6423,TTM
6424,TTMI
6425,TTNP
6426,TTOO
6427,TTWO
6428,TU
6429,TUFN
6430,TUMIF
6431,TUP
6432,TURN
6433,TUSK
6434,TV
6435,TVAC
6436,TVACU
6437,TVTX
6438,TVTY
6439,TW
6440,TWCT
6441,TWCTU
6442,TWI
6443,TWIN
6444,TWLO
6445,TWND
6446,TWND-UN
6447,TWNK
6448,TWO
6449,TWOU
6450,TWST
6451,TWTR
6452,TX
6453,TXG
6454,TXMC
6455,TXMD
6456,TXN
6457,TXRH
6458,TXT
6459,TYABY
6460,TYCB
6461,TYFG
6462,TYHT
6463,TYL
6464,TYME
6465,TZOO
6466,TZPSU
6467,U
6468,UA
6469,UAA
6470,UAL
6471,UAMY
6472,UAN
6473,UAVS
6474,UBA
6475,UBAB
6476,UBCP
6477,UBER
6478,UBFO
6479,UBIA
6480,UBMRF
6481,UBNC
6482,UBOH
6483,UBP
6484,UBS
6485,UBSI
6486,UBX
6487,UCBI
6488,UCL
6489,UCTT
6490,UDR
6491,UE
6492,UEC
6493,UEIC
6494,UEPS
6495,UEXCF
6496,UFAB
6497,UFCS
6498,UFI
6499,UFPI
6500,UFPT
6501,UFS
6502,UG
6503,UGDIF
6504,UGEIF
6505,UGI
6506,UGP
6507,UGRO
6508,UHAL
6509,UHS
6510,UHT
6511,UI
6512,UIHC
6513,UIS
6514,UK
6515,UL
6516,ULBI
6517,ULFS
6518,ULH
6519,ULTA
6520,ULTXF
6521,UMAM
6522,UMBF
6523,UMC
6524,UMH
6525,UMPQ
6526,UNAM
6527,UNB
6528,UNF
6529,UNFI
6530,UNH
6531,UNIB
6532,UNIF
6533,UNIR
6534,UNIT
6535,UNLA
6536,UNM
6537,UNP
6538,UNTN
6539,UNTY
6540,UNVR
6541,UONE
6542,UONEK
6543,UPLD
6544,UPPR
6545,UPS
6546,UPST
6547,UPWK
6548,URBF
6549,URBN
6550,URG
6551,URGN
6552,URI
6553,UROV
6554,URYL
6555,USAC
6556,USAE
6557,USAK
6558,USAP
6559,USAS
6560,USAT
6561,USAU
6562,USB
6563,USCR
6564,USCZF
6565,USDP
6566,USEG
6567,USFD
6568,USIO
6569,USLM
6570,USM
6571,USNA
6572,USNL
6573,USPH
6574,USWS
6575,USX
6576,UTHR
6577,UTI
6578,UTL
6579,UTMD
6580,UTSI
6581,UTZ
6582,UURAF
6583,UUU
6584,UUUU
6585,UVE
6586,UVSP
6587,UVV
6588,UWKI
6589,UWMC
6590,UXIN
6591,V
6592,VABK
6593,VAC
6594,VACQ
6595,VACQU
6596,VALE
6597,VALU
6598,VAPO
6599,VAR
6600,VBFC
6601,VBIO
6602,VBIV
6603,VBLT
6604,VBTC
6605,VBTX
6606,VC
6607,VCEL
6608,VCKAU
6609,VCNX
6610,VCRA
6611,VCTR
6612,VCVC
6613,VCVCU
6614,VCYT
6615,VEC
6616,VECO
6617,VEDL
6618,VEEV
6619,VEGGF
6620,VEL
6621,VENAU
6622,VEON
6623,VER
6624,VERB
6625,VERI
6626,VERO
6627,VERU
6628,VERX
6629,VERY
6630,VET
6631,VEXTF
6632,VFC
6633,VFF
6634,VG
6635,VGAC
6636,VGAC-UN
6637,VGR
6638,VGZ
6639,VHAQ
6640,VHAQ-UN
6641,VHC
6642,VHI
6643,VIAC
6644,VIACA
6645,VIAO
6646,VIAV
6647,VICI
6648,VICR
6649,VIE
6650,VIH
6651,VIHAU
6652,VIIAU
6653,VINC
6654,VINO
6655,VINP
6656,VIOT
6657,VIPS
6658,VIPV
6659,VIR
6660,VIRC
6661,VIRI
6662,VIRT
6663,VISL
6664,VIST
6665,VITL
6666,VIV
6667,VIVC
6668,VIVE
6669,VIVO
6670,VIVXF
6671,VIZSF
6672,VJET
6673,VKTX
6674,VLCJF
6675,VLDR
6676,VLGEA
6677,VLLX
6678,VLMGF
6679,VLNCF
6680,VLO
6681,VLON
6682,VLRS
6683,VLY
6684,VMAC
6685,VMACU
6686,VMAR
6687,VMC
6688,VMD
6689,VMI
6690,VMW
6691,VNCE
6692,VNCI
6693,VNDA
6694,VNE
6695,VNET
6696,VNNYF
6697,VNO
6698,VNOM
6699,VNRX
6700,VNT
6701,VNTR
6702,VOC
6703,VOD
6704,VOIP
6705,VOLT
6706,VOR
6707,VOSOU
6708,VOXX
6709,VOYA
6710,VOYT
6711,VPG
6712,VPLM
6713,VQSLF
6714,VRA
6715,VRAY
6716,VRCA
6717,VRDN
6718,VREOF
6719,VREX
6720,VRM
6721,VRME
6722,VRNA
6723,VRNDF
6724,VRNS
6725,VRNT
6726,VRRM
6727,VRS
6728,VRSK
6729,VRSN
6730,VRT
6731,VRTS
6732,VRTV
6733,VRTX
6734,VS
6735,VSAT
6736,VSEC
6737,VSH
6738,VSPR
6739,VSPRU
6740,VST
6741,VSTA
6742,VSTM
6743,VSTO
6744,VSYM
6745,VTAQ
6746,VTAQU
6747,VTGN
6748,VTIQU
6749,VTNR
6750,VTOL
6751,VTR
6752,VTRS
6753,VTRU
6754,VTSI
6755,VTVT
6756,VUZI
6757,VVCIF
6758,VVI
6759,VVIVF
6760,VVNT
6761,VVOS
6762,VVPR
6763,VVV
6764,VXEL
6765,VXRT
6766,VYCO
6767,VYGG
6768,VYGG-UN
6769,VYGR
6770,VYGVF
6771,VYNE
6772,VYST
6773,VZ
6774,W
6775,WAB
6776,WABC
6777,WAFD
6778,WAFU
6779,WAL
6780,WARM
6781,WASH
6782,WAT
6783,WATT
6784,WAYN
6785,WB
6786,WBA
6787,WBAI
6788,WBBW
6789,WBK
6790,WBS
6791,WBT
6792,WCC
6793,WCEXF
6794,WCN
6795,WCRS
6796,WCUI
6797,WD
6798,WDAY
6799,WDC
6800,WDDD
6801,WDDMF
6802,WDFC
6803,WDR
6804,WEC
6805,WEI
6806,WELL
6807,WEN
6808,WERN
6809,WES
6810,WETF
6811,WEX
6812,WEYS
6813,WF
6814,WFC
6815,WFCF
6816,WFG
6817,WFTSF
6818,WGEE
6819,WGO
6820,WH
6821,WHD
6822,WHF
6823,WHG
6824,WHLM
6825,WHLR
6826,WHR
6827,WIFI
6828,WILC
6829,WIMI
6830,WINA
6831,WING
6832,WINKF
6833,WINR
6834,WINT
6835,WIRE
6836,WISA
6837,WISH
6838,WIT
6839,WIX
6840,WIZD
6841,WIZP
6842,WK
6843,WKEY
6844,WKHS
6845,WKULF
6846,WKYN
6847,WLDN
6848,WLFC
6849,WLK
6850,WLKP
6851,WLL
6852,WLMS
6853,WLOLQ
6854,WLTW
6855,WM
6856,WMB
6857,WMC
6858,WMG
6859,WMK
6860,WMLLF
6861,WMMVY
6862,WMS
6863,WMT
6864,WNC
6865,WNEB
6866,WNS
6867,WNW
6868,WNWG
6869,WOAM
6870,WODI
6871,WOOF
6872,WOR
6873,WORK
6874,WORX
6875,WOW
6876,WPC
6877,WPF
6878,WPF-UN
6879,WPG
6880,WPM
6881,WPP
6882,WPRT
6883,WPTIF
6884,WRAP
6885,WRB
6886,WRE
6887,WRI
6888,WRK
6889,WRLD
6890,WRN
6891,WSBC
6892,WSBF
6893,WSC
6894,WSCO
6895,WSCRF
6896,WSFS
6897,WSM
6898,WSML
6899,WSO
6900,WSO-B
6901,WSR
6902,WSRRF
6903,WST
6904,WSTG
6905,WSTN
6906,WSTRF
6907,WTBA
6908,WTER
6909,WTFC
6910,WTI
6911,WTM
6912,WTRE
6913,WTRG
6914,WTRH
6915,WTRO
6916,WTS
6917,WTT
6918,WTTR
6919,WU
6920,WVE
6921,WVFC
6922,WVMDF
6923,WVVI
6924,WW
6925,WWD
6926,WWE
6927,WWNG
6928,WWR
6929,WWW
6930,WY
6931,WYND
6932,WYNN
6933,WYY
6934,X
6935,XAIR
6936,XAN
6937,XBIO
6938,XBIT
6939,XCUR
6940,XEBEF
6941,XEC
6942,XEL
6943,XELA
6944,XELB
6945,XENE
6946,XENT
6947,XERS
6948,XFOR
6949,XGN
6950,XHR
6951,XIN
6952,XL
6953,XLNX
6954,XLRN
6955,XNCR
6956,XNET
6957,XOG
6958,XOM
6959,XOMA
6960,XONE
6961,XP
6962,XPDIU
6963,XPEL
6964,XPER
6965,XPEV
6966,XPHYF
6967,XPL
6968,XPO
6969,XPOA
6970,XPOA-UN
6971,XRAY
6972,XRX
6973,XSPA
6974,XTGRF
6975,XTLB
6976,XTMM
6977,XTNT
6978,XXII
6979,XXMMF
6980,XYF
6981,XYL
6982,XYNH
6983,Y
6984,YAC
6985,YAC-UN
6986,YALA
6987,YCBD
6988,YELL
6989,YELP
6990,YETI
6991,YEWB
6992,YEXT
6993,YGMZ
6994,YGTFF
6995,YI
6996,YJ
6997,YMTX
6998,YNVYF
6999,YORW
7000,YPF
7001,YRD
7002,YSAC
7003,YSSCF
7004,YTEN
7005,YUII
7006,YUM
7007,YUMC
7008,Z
7009,ZAGG
7010,ZAZA
7011,ZBH
7012,ZBRA
7013,ZCMD
7014,ZDGE
7015,ZDPY
7016,ZEAL
7017,ZEN
7018,ZG
7019,ZGNX
7020,ZGYH
7021,ZGYHU
7022,ZI
7023,ZIM
7024,ZIMCF
7025,ZION
7026,ZIOP
7027,ZIVO
7028,ZIXI
7029,ZKIN
7030,ZLAB
7031,ZM
7032,ZMWYF
7033,ZNGA
7034,ZNOG
7035,ZNTE
7036,ZNTEU
7037,ZNTL
7038,ZOM
7039,ZPAS
7040,ZS
7041,ZSAN
7042,ZTLLF
7043,ZTNO
7044,ZTO
7045,ZTS
7046,ZUMZ
7047,ZUO
7048,ZURVY
7049,ZVO
7050,ZWRKU
7051,ZYME
7052,ZYNE
7053,ZYXI
7054,TRUE
